,"European Union Emissions Trading System",,,," "
Date,"Exchange rate EUR/EUR","Exchange rate EUR/USD","Market Currency","Primary Market"," "
2015-01-02,1,1.162133333,EUR,," "
2015-01-05,1,1.162133333,EUR,," "
2015-01-06,1,1.162133333,EUR,," "
2015-01-07,1,1.162133333,EUR,," "
2015-01-08,1,1.162133333,EUR,6.7," "
2015-01-09,1,1.162133333,EUR,6.71," "
2015-01-12,1,1.162133333,EUR,6.59," "
2015-01-13,1,1.162133333,EUR,6.77," "
2015-01-14,1,1.162133333,EUR,6.99," "
2015-01-15,1,1.162133333,EUR,7.1," "
2015-01-16,1,1.162133333,EUR,7.05," "
2015-01-19,1,1.162133333,EUR,7.06," "
2015-01-20,1,1.162133333,EUR,7.25," "
2015-01-21,1,1.162133333,EUR,," "
2015-01-22,1,1.162133333,EUR,7.02," "
2015-01-23,1,1.162133333,EUR,6.81," "
2015-01-26,1,1.162133333,EUR,6.76," "
2015-01-27,1,1.162133333,EUR,6.82," "
2015-01-28,1,1.162133333,EUR,6.76," "
2015-01-29,1,1.162133333,EUR,6.92," "
2015-01-30,1,1.162133333,EUR,6.96," "
2015-02-02,1,1.134965,EUR,7.06," "
2015-02-03,1,1.134965,EUR,7.06," "
2015-02-04,1,1.134965,EUR,," "
2015-02-05,1,1.134965,EUR,6.87," "
2015-02-06,1,1.134965,EUR,6.92," "
2015-02-09,1,1.134965,EUR,6.86," "
2015-02-10,1,1.134965,EUR,6.88," "
2015-02-11,1,1.134965,EUR,6.87," "
2015-02-12,1,1.134965,EUR,7.29," "
2015-02-13,1,1.134965,EUR,7.35," "
2015-02-16,1,1.134965,EUR,7.66," "
2015-02-17,1,1.134965,EUR,7.62," "
2015-02-18,1,1.134965,EUR,," "
2015-02-19,1,1.134965,EUR,7.37," "
2015-02-20,1,1.134965,EUR,7.26," "
2015-02-23,1,1.134965,EUR,7.2," "
2015-02-24,1,1.134965,EUR,7.66," "
2015-02-25,1,1.134965,EUR,7.35," "
2015-02-26,1,1.134965,EUR,7.29," "
2015-02-27,1,1.134965,EUR,6.93," "
2015-03-02,1,1.083768182,EUR,6.9," "
2015-03-03,1,1.083768182,EUR,6.82," "
2015-03-04,1,1.083768182,EUR,," "
2015-03-05,1,1.083768182,EUR,6.96," "
2015-03-06,1,1.083768182,EUR,6.7," "
2015-03-09,1,1.083768182,EUR,6.66," "
2015-03-10,1,1.083768182,EUR,6.67," "
2015-03-11,1,1.083768182,EUR,6.48," "
2015-03-12,1,1.083768182,EUR,6.61," "
2015-03-13,1,1.083768182,EUR,6.26," "
2015-03-16,1,1.083768182,EUR,6.36," "
2015-03-17,1,1.083768182,EUR,6.45," "
2015-03-18,1,1.083768182,EUR,," "
2015-03-19,1,1.083768182,EUR,6.7," "
2015-03-20,1,1.083768182,EUR,6.7," "
2015-03-23,1,1.083768182,EUR,6.94," "
2015-03-24,1,1.083768182,EUR,7.02," "
2015-03-25,1,1.083768182,EUR,6.77," "
2015-03-26,1,1.083768182,EUR,7," "
2015-03-27,1,1.083768182,EUR,6.9," "
2015-03-30,1,1.083768182,EUR,6.81," "
2015-03-31,1,1.083768182,EUR,6.79," "
2015-04-01,1,1.07793,EUR,," "
2015-04-02,1,1.07793,EUR,7.14," "
2015-04-07,1,1.07793,EUR,7.08," "
2015-04-08,1,1.07793,EUR,," "
2015-04-09,1,1.07793,EUR,7.12," "
2015-04-10,1,1.07793,EUR,6.96," "
2015-04-13,1,1.07793,EUR,6.82," "
2015-04-14,1,1.07793,EUR,6.77," "
2015-04-15,1,1.07793,EUR,," "
2015-04-16,1,1.07793,EUR,6.82," "
2015-04-17,1,1.07793,EUR,6.83," "
2015-04-20,1,1.07793,EUR,6.88," "
2015-04-21,1,1.07793,EUR,7.07," "
2015-04-22,1,1.07793,EUR,6.75," "
2015-04-23,1,1.07793,EUR,7.06," "
2015-04-24,1,1.07793,EUR,7.27," "
2015-04-27,1,1.07793,EUR,7.33," "
2015-04-28,1,1.07793,EUR,7.16," "
2015-04-29,1,1.07793,EUR,," "
2015-04-30,1,1.07793,EUR,7.52," "
2015-05-04,1,1.114955,EUR,," "
2015-05-05,1,1.114955,EUR,7.5," "
2015-05-06,1,1.114955,EUR,7.25," "
2015-05-07,1,1.114955,EUR,7.5," "
2015-05-08,1,1.114955,EUR,7.43," "
2015-05-11,1,1.114955,EUR,7.5," "
2015-05-12,1,1.114955,EUR,7.62," "
2015-05-13,1,1.114955,EUR,," "
2015-05-14,1,1.114955,EUR,," "
2015-05-15,1,1.114955,EUR,7.48," "
2015-05-18,1,1.114955,EUR,7.54," "
2015-05-19,1,1.114955,EUR,7.51," "
2015-05-20,1,1.114955,EUR,7.38," "
2015-05-21,1,1.114955,EUR,7.3," "
2015-05-22,1,1.114955,EUR,7.25," "
2015-05-26,1,1.114955,EUR,7.28," "
2015-05-27,1,1.114955,EUR,," "
2015-05-28,1,1.114955,EUR,7.2," "
2015-05-29,1,1.114955,EUR,7.22," "
2015-06-01,1,1.121322727,EUR,7.23," "
2015-06-02,1,1.121322727,EUR,7.26," "
2015-06-03,1,1.121322727,EUR,," "
2015-06-04,1,1.121322727,EUR,," "
2015-06-05,1,1.121322727,EUR,7.4," "
2015-06-08,1,1.121322727,EUR,7.38," "
2015-06-09,1,1.121322727,EUR,7.48," "
2015-06-10,1,1.121322727,EUR,," "
2015-06-11,1,1.121322727,EUR,7.58," "
2015-06-12,1,1.121322727,EUR,7.52," "
2015-06-15,1,1.121322727,EUR,7.54," "
2015-06-16,1,1.121322727,EUR,7.48," "
2015-06-17,1,1.121322727,EUR,," "
2015-06-18,1,1.121322727,EUR,7.45," "
2015-06-19,1,1.121322727,EUR,7.41," "
2015-06-22,1,1.121322727,EUR,7.43," "
2015-06-23,1,1.121322727,EUR,7.45," "
2015-06-24,1,1.121322727,EUR,," "
2015-06-25,1,1.121322727,EUR,7.52," "
2015-06-26,1,1.121322727,EUR,7.5," "
2015-06-29,1,1.121322727,EUR,7.36," "
2015-06-30,1,1.121322727,EUR,7.36," "
2015-07-01,1,1.099578261,EUR,7.16," "
2015-07-02,1,1.099578261,EUR,7.42," "
2015-07-03,1,1.099578261,EUR,7.42," "
2015-07-06,1,1.099578261,EUR,7.33," "
2015-07-07,1,1.099578261,EUR,7.35," "
2015-07-08,1,1.099578261,EUR,," "
2015-07-09,1,1.099578261,EUR,7.43," "
2015-07-10,1,1.099578261,EUR,7.52," "
2015-07-13,1,1.099578261,EUR,7.64," "
2015-07-14,1,1.099578261,EUR,7.72," "
2015-07-15,1,1.099578261,EUR,," "
2015-07-16,1,1.099578261,EUR,7.69," "
2015-07-17,1,1.099578261,EUR,7.6," "
2015-07-20,1,1.099578261,EUR,7.76," "
2015-07-21,1,1.099578261,EUR,7.92," "
2015-07-22,1,1.099578261,EUR,," "
2015-07-23,1,1.099578261,EUR,8.04," "
2015-07-24,1,1.099578261,EUR,8.01," "
2015-07-27,1,1.099578261,EUR,7.98," "
2015-07-28,1,1.099578261,EUR,7.95," "
2015-07-29,1,1.099578261,EUR,8.03," "
2015-07-30,1,1.099578261,EUR,8," "
2015-07-31,1,1.099578261,EUR,7.82," "
2015-08-03,1,1.113904762,EUR,7.91," "
2015-08-04,1,1.113904762,EUR,7.94," "
2015-08-05,1,1.113904762,EUR,," "
2015-08-06,1,1.113904762,EUR,7.83," "
2015-08-07,1,1.113904762,EUR,7.79," "
2015-08-10,1,1.113904762,EUR,7.78," "
2015-08-11,1,1.113904762,EUR,7.95," "
2015-08-12,1,1.113904762,EUR,," "
2015-08-13,1,1.113904762,EUR,8.18," "
2015-08-14,1,1.113904762,EUR,8.15," "
2015-08-17,1,1.113904762,EUR,8.26," "
2015-08-18,1,1.113904762,EUR,8.17," "
2015-08-19,1,1.113904762,EUR,," "
2015-08-20,1,1.113904762,EUR,8.31," "
2015-08-21,1,1.113904762,EUR,8.31," "
2015-08-24,1,1.113904762,EUR,8.08," "
2015-08-25,1,1.113904762,EUR,8.22," "
2015-08-26,1,1.113904762,EUR,," "
2015-08-27,1,1.113904762,EUR,8.07," "
2015-08-28,1,1.113904762,EUR,8.04," "
2015-08-31,1,1.113904762,EUR,," "
2015-09-01,1,1.122118182,EUR,7.98," "
2015-09-02,1,1.122118182,EUR,," "
2015-09-03,1,1.122118182,EUR,8.06," "
2015-09-04,1,1.122118182,EUR,8.06," "
2015-09-07,1,1.122118182,EUR,8.02," "
2015-09-08,1,1.122118182,EUR,8.09," "
2015-09-09,1,1.122118182,EUR,7.94," "
2015-09-10,1,1.122118182,EUR,8.25," "
2015-09-11,1,1.122118182,EUR,8.22," "
2015-09-14,1,1.122118182,EUR,8.21," "
2015-09-15,1,1.122118182,EUR,8.17," "
2015-09-16,1,1.122118182,EUR,," "
2015-09-17,1,1.122118182,EUR,8.18," "
2015-09-18,1,1.122118182,EUR,8.16," "
2015-09-21,1,1.122118182,EUR,8.04," "
2015-09-22,1,1.122118182,EUR,7.98," "
2015-09-23,1,1.122118182,EUR,8.04," "
2015-09-24,1,1.122118182,EUR,7.99," "
2015-09-25,1,1.122118182,EUR,7.94," "
2015-09-28,1,1.122118182,EUR,7.92," "
2015-09-29,1,1.122118182,EUR,7.87," "
2015-09-30,1,1.122118182,EUR,," "
2015-10-01,1,1.123509091,EUR,8.2," "
2015-10-02,1,1.123509091,EUR,8.1," "
2015-10-05,1,1.123509091,EUR,8.16," "
2015-10-06,1,1.123509091,EUR,8.16," "
2015-10-07,1,1.123509091,EUR,7.97," "
2015-10-08,1,1.123509091,EUR,8.11," "
2015-10-09,1,1.123509091,EUR,8.16," "
2015-10-12,1,1.123509091,EUR,8.26," "
2015-10-13,1,1.123509091,EUR,8.3," "
2015-10-14,1,1.123509091,EUR,," "
2015-10-15,1,1.123509091,EUR,8.46," "
2015-10-16,1,1.123509091,EUR,8.37," "
2015-10-19,1,1.123509091,EUR,8.35," "
2015-10-20,1,1.123509091,EUR,8.32," "
2015-10-21,1,1.123509091,EUR,," "
2015-10-22,1,1.123509091,EUR,8.44," "
2015-10-23,1,1.123509091,EUR,8.52," "
2015-10-26,1,1.123509091,EUR,8.55," "
2015-10-27,1,1.123509091,EUR,8.63," "
2015-10-28,1,1.123509091,EUR,," "
2015-10-29,1,1.123509091,EUR,8.59," "
2015-10-30,1,1.123509091,EUR,8.59," "
2015-11-02,1,1.0736,EUR,8.54," "
2015-11-03,1,1.0736,EUR,8.58," "
2015-11-04,1,1.0736,EUR,8.25," "
2015-11-05,1,1.0736,EUR,8.4," "
2015-11-06,1,1.0736,EUR,8.45," "
2015-11-09,1,1.0736,EUR,8.35," "
2015-11-10,1,1.0736,EUR,8.28," "
2015-11-11,1,1.0736,EUR,," "
2015-11-12,1,1.0736,EUR,8.36," "
2015-11-13,1,1.0736,EUR,8.34," "
2015-11-16,1,1.0736,EUR,8.43," "
2015-11-17,1,1.0736,EUR,8.49," "
2015-11-18,1,1.0736,EUR,8.51," "
2015-11-19,1,1.0736,EUR,8.57," "
2015-11-20,1,1.0736,EUR,8.59," "
2015-11-23,1,1.0736,EUR,8.46," "
2015-11-24,1,1.0736,EUR,8.63," "
2015-11-25,1,1.0736,EUR,," "
2015-11-26,1,1.0736,EUR,8.61," "
2015-11-27,1,1.0736,EUR,8.54," "
2015-11-30,1,1.0736,EUR,8.55," "
2015-12-01,1,1.087718182,EUR,8.52," "
2015-12-02,1,1.087718182,EUR,," "
2015-12-03,1,1.087718182,EUR,8.44," "
2015-12-04,1,1.087718182,EUR,8.56," "
2015-12-07,1,1.087718182,EUR,8.42," "
2015-12-08,1,1.087718182,EUR,8.33," "
2015-12-09,1,1.087718182,EUR,," "
2015-12-10,1,1.087718182,EUR,8.32," "
2015-12-11,1,1.087718182,EUR,7.98," "
2015-12-14,1,1.087718182,EUR,7.92," "
2015-12-15,1,1.087718182,EUR,8.05," "
2015-12-16,1,1.087718182,EUR,," "
2015-12-17,1,1.087718182,EUR,8.12," "
2015-12-18,1,1.087718182,EUR,," "
2015-12-21,1,1.087718182,EUR,," "
2015-12-22,1,1.087718182,EUR,," "
2015-12-23,1,1.087718182,EUR,," "
2015-12-28,1,1.087718182,EUR,," "
2015-12-29,1,1.087718182,EUR,," "
2015-12-30,1,1.087718182,EUR,," "
2016-01-04,1,1.085965,EUR,," "
2016-01-05,1,1.085965,EUR,," "
2016-01-06,1,1.085965,EUR,," "
2016-01-07,1,1.085965,EUR,," "
2016-01-08,1,1.085965,EUR,," "
2016-01-11,1,1.085965,EUR,7.45," "
2016-01-12,1,1.085965,EUR,7.04," "
2016-01-13,1,1.085965,EUR,," "
2016-01-14,1,1.085965,EUR,7.05," "
2016-01-15,1,1.085965,EUR,6.71," "
2016-01-18,1,1.085965,EUR,6.52," "
2016-01-19,1,1.085965,EUR,6.81," "
2016-01-20,1,1.085965,EUR,6.57," "
2016-01-21,1,1.085965,EUR,6.04," "
2016-01-22,1,1.085965,EUR,6.33," "
2016-01-25,1,1.085965,EUR,5.93," "
2016-01-26,1,1.085965,EUR,5.8," "
2016-01-27,1,1.085965,EUR,," "
2016-01-28,1,1.085965,EUR,6.02," "
2016-01-29,1,1.085965,EUR,6.06," "
2016-02-01,1,1.109295238,EUR,5.75," "
2016-02-02,1,1.109295238,EUR,5.57," "
2016-02-03,1,1.109295238,EUR,5.7," "
2016-02-04,1,1.109295238,EUR,5.55," "
2016-02-05,1,1.109295238,EUR,5.55," "
2016-02-08,1,1.109295238,EUR,5.25," "
2016-02-09,1,1.109295238,EUR,5.19," "
2016-02-10,1,1.109295238,EUR,," "
2016-02-11,1,1.109295238,EUR,4.65," "
2016-02-12,1,1.109295238,EUR,4.94," "
2016-02-15,1,1.109295238,EUR,4.97," "
2016-02-16,1,1.109295238,EUR,4.78," "
2016-02-17,1,1.109295238,EUR,4.8," "
2016-02-18,1,1.109295238,EUR,5.22," "
2016-02-19,1,1.109295238,EUR,5.26," "
2016-02-22,1,1.109295238,EUR,5.2," "
2016-02-23,1,1.109295238,EUR,5.14," "
2016-02-24,1,1.109295238,EUR,," "
2016-02-25,1,1.109295238,EUR,4.78," "
2016-02-26,1,1.109295238,EUR,5.08," "
2016-02-29,1,1.109295238,EUR,4.85," "
2016-03-01,1,1.109966667,EUR,4.9," "
2016-03-02,1,1.109966667,EUR,4.8," "
2016-03-03,1,1.109966667,EUR,4.88," "
2016-03-04,1,1.109966667,EUR,4.8," "
2016-03-07,1,1.109966667,EUR,4.95," "
2016-03-08,1,1.109966667,EUR,5," "
2016-03-09,1,1.109966667,EUR,," "
2016-03-10,1,1.109966667,EUR,5," "
2016-03-11,1,1.109966667,EUR,5.01," "
2016-03-14,1,1.109966667,EUR,4.92," "
2016-03-15,1,1.109966667,EUR,4.81," "
2016-03-16,1,1.109966667,EUR,4.94," "
2016-03-17,1,1.109966667,EUR,4.92," "
2016-03-18,1,1.109966667,EUR,4.92," "
2016-03-21,1,1.109966667,EUR,4.86," "
2016-03-22,1,1.109966667,EUR,4.8," "
2016-03-23,1,1.109966667,EUR,," "
2016-03-24,1,1.109966667,EUR,4.76," "
2016-03-29,1,1.109966667,EUR,4.75," "
2016-03-30,1,1.109966667,EUR,4.77," "
2016-03-31,1,1.109966667,EUR,4.97," "
2016-04-01,1,1.133919048,EUR,5.18," "
2016-04-04,1,1.133919048,EUR,5.08," "
2016-04-05,1,1.133919048,EUR,5.26," "
2016-04-06,1,1.133919048,EUR,," "
2016-04-07,1,1.133919048,EUR,5.23," "
2016-04-08,1,1.133919048,EUR,5.23," "
2016-04-11,1,1.133919048,EUR,5.42," "
2016-04-12,1,1.133919048,EUR,5.63," "
2016-04-13,1,1.133919048,EUR,5.42," "
2016-04-14,1,1.133919048,EUR,5.47," "
2016-04-15,1,1.133919048,EUR,5.54," "
2016-04-18,1,1.133919048,EUR,5.38," "
2016-04-19,1,1.133919048,EUR,5.47," "
2016-04-20,1,1.133919048,EUR,," "
2016-04-21,1,1.133919048,EUR,5.58," "
2016-04-22,1,1.133919048,EUR,5.74," "
2016-04-25,1,1.133919048,EUR,5.92," "
2016-04-26,1,1.133919048,EUR,6.08," "
2016-04-27,1,1.133919048,EUR,6.94," "
2016-04-28,1,1.133919048,EUR,6.64," "
2016-04-29,1,1.133919048,EUR,6.29," "
2016-05-02,1,1.131109091,EUR,," "
2016-05-03,1,1.131109091,EUR,5.88," "
2016-05-04,1,1.131109091,EUR,," "
2016-05-05,1,1.131109091,EUR,," "
2016-05-06,1,1.131109091,EUR,6.13," "
2016-05-09,1,1.131109091,EUR,5.96," "
2016-05-10,1,1.131109091,EUR,5.65," "
2016-05-11,1,1.131109091,EUR,5.72," "
2016-05-12,1,1.131109091,EUR,6.04," "
2016-05-13,1,1.131109091,EUR,5.75," "
2016-05-16,1,1.131109091,EUR,," "
2016-05-17,1,1.131109091,EUR,5.94," "
2016-05-18,1,1.131109091,EUR,," "
2016-05-19,1,1.131109091,EUR,5.87," "
2016-05-20,1,1.131109091,EUR,5.95," "
2016-05-23,1,1.131109091,EUR,5.85," "
2016-05-24,1,1.131109091,EUR,5.73," "
2016-05-25,1,1.131109091,EUR,," "
2016-05-26,1,1.131109091,EUR,," "
2016-05-27,1,1.131109091,EUR,5.9," "
2016-05-30,1,1.131109091,EUR,," "
2016-05-31,1,1.131109091,EUR,6," "
2016-06-01,1,1.122890909,EUR,," "
2016-06-02,1,1.122890909,EUR,5.96," "
2016-06-03,1,1.122890909,EUR,5.96," "
2016-06-06,1,1.122890909,EUR,6.05," "
2016-06-07,1,1.122890909,EUR,6.14," "
2016-06-08,1,1.122890909,EUR,," "
2016-06-09,1,1.122890909,EUR,6.05," "
2016-06-10,1,1.122890909,EUR,5.93," "
2016-06-13,1,1.122890909,EUR,5.83," "
2016-06-14,1,1.122890909,EUR,5.78," "
2016-06-15,1,1.122890909,EUR,," "
2016-06-16,1,1.122890909,EUR,5.82," "
2016-06-17,1,1.122890909,EUR,5.68," "
2016-06-20,1,1.122890909,EUR,5.76," "
2016-06-21,1,1.122890909,EUR,5.68," "
2016-06-22,1,1.122890909,EUR,5.55," "
2016-06-23,1,1.122890909,EUR,5.6," "
2016-06-24,1,1.122890909,EUR,4.96," "
2016-06-27,1,1.122890909,EUR,4.86," "
2016-06-28,1,1.122890909,EUR,4.8," "
2016-06-29,1,1.122890909,EUR,," "
2016-06-30,1,1.122890909,EUR,4.47," "
2016-07-01,1,1.106852381,EUR,4.35," "
2016-07-04,1,1.106852381,EUR,4.77," "
2016-07-05,1,1.106852381,EUR,4.86," "
2016-07-06,1,1.106852381,EUR,4.49," "
2016-07-07,1,1.106852381,EUR,4.7," "
2016-07-08,1,1.106852381,EUR,4.45," "
2016-07-11,1,1.106852381,EUR,4.45," "
2016-07-12,1,1.106852381,EUR,4.53," "
2016-07-13,1,1.106852381,EUR,," "
2016-07-14,1,1.106852381,EUR,4.79," "
2016-07-15,1,1.106852381,EUR,4.65," "
2016-07-18,1,1.106852381,EUR,4.97," "
2016-07-19,1,1.106852381,EUR,4.75," "
2016-07-20,1,1.106852381,EUR,4.65," "
2016-07-21,1,1.106852381,EUR,4.7," "
2016-07-22,1,1.106852381,EUR,4.6," "
2016-07-25,1,1.106852381,EUR,4.56," "
2016-07-26,1,1.106852381,EUR,4.51," "
2016-07-27,1,1.106852381,EUR,," "
2016-07-28,1,1.106852381,EUR,4.58," "
2016-07-29,1,1.106852381,EUR,4.38," "
2016-08-01,1,1.121173913,EUR,4.38," "
2016-08-02,1,1.121173913,EUR,4.32," "
2016-08-03,1,1.121173913,EUR,," "
2016-08-04,1,1.121173913,EUR,4.6," "
2016-08-05,1,1.121173913,EUR,4.75," "
2016-08-08,1,1.121173913,EUR,4.79," "
2016-08-09,1,1.121173913,EUR,4.87," "
2016-08-10,1,1.121173913,EUR,," "
2016-08-11,1,1.121173913,EUR,4.75," "
2016-08-12,1,1.121173913,EUR,4.86," "
2016-08-15,1,1.121173913,EUR,," "
2016-08-16,1,1.121173913,EUR,4.78," "
2016-08-17,1,1.121173913,EUR,4.65," "
2016-08-18,1,1.121173913,EUR,4.55," "
2016-08-19,1,1.121173913,EUR,4.71," "
2016-08-22,1,1.121173913,EUR,," "
2016-08-23,1,1.121173913,EUR,," "
2016-08-24,1,1.121173913,EUR,," "
2016-08-25,1,1.121173913,EUR,," "
2016-08-26,1,1.121173913,EUR,4.71," "
2016-08-29,1,1.121173913,EUR,," "
2016-08-30,1,1.121173913,EUR,," "
2016-08-31,1,1.121173913,EUR,," "
2016-09-01,1,1.121209091,EUR,," "
2016-09-02,1,1.121209091,EUR,4.32," "
2016-09-05,1,1.121209091,EUR,4.02," "
2016-09-06,1,1.121209091,EUR,3.94," "
2016-09-07,1,1.121209091,EUR,," "
2016-09-08,1,1.121209091,EUR,4.02," "
2016-09-09,1,1.121209091,EUR,4.07," "
2016-09-12,1,1.121209091,EUR,3.94," "
2016-09-13,1,1.121209091,EUR,3.97," "
2016-09-14,1,1.121209091,EUR,," "
2016-09-15,1,1.121209091,EUR,3.94," "
2016-09-16,1,1.121209091,EUR,4.26," "
2016-09-19,1,1.121209091,EUR,4.23," "
2016-09-20,1,1.121209091,EUR,4.3," "
2016-09-21,1,1.121209091,EUR,," "
2016-09-22,1,1.121209091,EUR,4.33," "
2016-09-23,1,1.121209091,EUR,4.38," "
2016-09-26,1,1.121209091,EUR,4.5," "
2016-09-27,1,1.121209091,EUR,4.51," "
2016-09-28,1,1.121209091,EUR,4.57," "
2016-09-29,1,1.121209091,EUR,5.06," "
2016-09-30,1,1.121209091,EUR,5," "
2016-10-03,1,1.102604762,EUR,," "
2016-10-04,1,1.102604762,EUR,5.17," "
2016-10-05,1,1.102604762,EUR,," "
2016-10-06,1,1.102604762,EUR,5.68," "
2016-10-07,1,1.102604762,EUR,5.62," "
2016-10-10,1,1.102604762,EUR,5.53," "
2016-10-11,1,1.102604762,EUR,5.58," "
2016-10-12,1,1.102604762,EUR,," "
2016-10-13,1,1.102604762,EUR,5.59," "
2016-10-14,1,1.102604762,EUR,5.65," "
2016-10-17,1,1.102604762,EUR,5.84," "
2016-10-18,1,1.102604762,EUR,5.89," "
2016-10-19,1,1.102604762,EUR,," "
2016-10-20,1,1.102604762,EUR,5.7," "
2016-10-21,1,1.102604762,EUR,5.58," "
2016-10-24,1,1.102604762,EUR,5.92," "
2016-10-25,1,1.102604762,EUR,5.78," "
2016-10-26,1,1.102604762,EUR,," "
2016-10-27,1,1.102604762,EUR,5.9," "
2016-10-28,1,1.102604762,EUR,5.7," "
2016-10-31,1,1.102604762,EUR,5.76," "
2016-11-01,1,1.079895455,EUR,," "
2016-11-02,1,1.079895455,EUR,," "
2016-11-03,1,1.079895455,EUR,6.35," "
2016-11-04,1,1.079895455,EUR,6.54," "
2016-11-07,1,1.079895455,EUR,6.46," "
2016-11-08,1,1.079895455,EUR,6.1," "
2016-11-09,1,1.079895455,EUR,," "
2016-11-10,1,1.079895455,EUR,5.95," "
2016-11-11,1,1.079895455,EUR,5.85," "
2016-11-14,1,1.079895455,EUR,5.54," "
2016-11-15,1,1.079895455,EUR,5.55," "
2016-11-16,1,1.079895455,EUR,," "
2016-11-17,1,1.079895455,EUR,5.6," "
2016-11-18,1,1.079895455,EUR,5.73," "
2016-11-21,1,1.079895455,EUR,5.44," "
2016-11-22,1,1.079895455,EUR,5.42," "
2016-11-23,1,1.079895455,EUR,5.46," "
2016-11-24,1,1.079895455,EUR,5.29," "
2016-11-25,1,1.079895455,EUR,5.05," "
2016-11-28,1,1.079895455,EUR,4.8," "
2016-11-29,1,1.079895455,EUR,4.56," "
2016-11-30,1,1.079895455,EUR,," "
2016-12-01,1,1.054290476,EUR,4.44," "
2016-12-02,1,1.054290476,EUR,4.32," "
2016-12-05,1,1.054290476,EUR,4.16," "
2016-12-06,1,1.054290476,EUR,4.15," "
2016-12-07,1,1.054290476,EUR,," "
2016-12-08,1,1.054290476,EUR,4.23," "
2016-12-09,1,1.054290476,EUR,4.48," "
2016-12-12,1,1.054290476,EUR,4.65," "
2016-12-13,1,1.054290476,EUR,4.82," "
2016-12-14,1,1.054290476,EUR,," "
2016-12-15,1,1.054290476,EUR,4.96," "
2016-12-16,1,1.054290476,EUR,4.59," "
2016-12-19,1,1.054290476,EUR,," "
2016-12-20,1,1.054290476,EUR,," "
2016-12-21,1,1.054290476,EUR,," "
2016-12-22,1,1.054290476,EUR,," "
2016-12-23,1,1.054290476,EUR,," "
2016-12-27,1,1.054290476,EUR,," "
2016-12-28,1,1.054290476,EUR,," "
2016-12-29,1,1.054290476,EUR,," "
2016-12-30,1,1.054290476,EUR,," "
2017-01-02,1,1.061440909,EUR,," "
2017-01-03,1,1.061440909,EUR,," "
2017-01-04,1,1.061440909,EUR,," "
2017-01-05,1,1.061440909,EUR,," "
2017-01-06,1,1.061440909,EUR,," "
2017-01-09,1,1.061440909,EUR,5," "
2017-01-10,1,1.061440909,EUR,5.6," "
2017-01-11,1,1.061440909,EUR,," "
2017-01-12,1,1.061440909,EUR,5.3," "
2017-01-13,1,1.061440909,EUR,5.06," "
2017-01-16,1,1.061440909,EUR,4.96," "
2017-01-17,1,1.061440909,EUR,4.8," "
2017-01-18,1,1.061440909,EUR,," "
2017-01-19,1,1.061440909,EUR,4.88," "
2017-01-20,1,1.061440909,EUR,5.16," "
2017-01-23,1,1.061440909,EUR,5.34," "
2017-01-24,1,1.061440909,EUR,5.23," "
2017-01-25,1,1.061440909,EUR,," "
2017-01-26,1,1.061440909,EUR,4.93," "
2017-01-27,1,1.061440909,EUR,5.05," "
2017-01-30,1,1.061440909,EUR,4.99," "
2017-01-31,1,1.061440909,EUR,5.2," "
2017-02-01,1,1.064265,EUR,," "
2017-02-02,1,1.064265,EUR,5.24," "
2017-02-03,1,1.064265,EUR,5.22," "
2017-02-06,1,1.064265,EUR,5.08," "
2017-02-07,1,1.064265,EUR,5.08," "
2017-02-08,1,1.064265,EUR,," "
2017-02-09,1,1.064265,EUR,5.25," "
2017-02-10,1,1.064265,EUR,5.3," "
2017-02-13,1,1.064265,EUR,5.07," "
2017-02-14,1,1.064265,EUR,4.95," "
2017-02-15,1,1.064265,EUR,," "
2017-02-16,1,1.064265,EUR,4.96," "
2017-02-17,1,1.064265,EUR,4.85," "
2017-02-20,1,1.064265,EUR,5.05," "
2017-02-21,1,1.064265,EUR,5.09," "
2017-02-22,1,1.064265,EUR,," "
2017-02-23,1,1.064265,EUR,5.17," "
2017-02-24,1,1.064265,EUR,5.31," "
2017-02-27,1,1.064265,EUR,5.28," "
2017-02-28,1,1.064265,EUR,5.15," "
2017-03-01,1,1.068469565,EUR,," "
2017-03-02,1,1.068469565,EUR,5.74," "
2017-03-03,1,1.068469565,EUR,5.55," "
2017-03-06,1,1.068469565,EUR,5.47," "
2017-03-07,1,1.068469565,EUR,5.43," "
2017-03-08,1,1.068469565,EUR,," "
2017-03-09,1,1.068469565,EUR,5.16," "
2017-03-10,1,1.068469565,EUR,5.08," "
2017-03-13,1,1.068469565,EUR,5.11," "
2017-03-14,1,1.068469565,EUR,5.16," "
2017-03-15,1,1.068469565,EUR,," "
2017-03-16,1,1.068469565,EUR,5.07," "
2017-03-17,1,1.068469565,EUR,5.13," "
2017-03-20,1,1.068469565,EUR,5.05," "
2017-03-21,1,1.068469565,EUR,4.93," "
2017-03-22,1,1.068469565,EUR,," "
2017-03-23,1,1.068469565,EUR,4.98," "
2017-03-24,1,1.068469565,EUR,4.88," "
2017-03-27,1,1.068469565,EUR,4.67," "
2017-03-28,1,1.068469565,EUR,4.63," "
2017-03-29,1,1.068469565,EUR,4.71," "
2017-03-30,1,1.068469565,EUR,4.63," "
2017-03-31,1,1.068469565,EUR,4.85," "
2017-04-03,1,1.072266667,EUR,4.7," "
2017-04-04,1,1.072266667,EUR,4.78," "
2017-04-05,1,1.072266667,EUR,," "
2017-04-06,1,1.072266667,EUR,4.86," "
2017-04-07,1,1.072266667,EUR,5.06," "
2017-04-10,1,1.072266667,EUR,4.84," "
2017-04-11,1,1.072266667,EUR,4.77," "
2017-04-12,1,1.072266667,EUR,4.84," "
2017-04-13,1,1.072266667,EUR,4.93," "
2017-04-18,1,1.072266667,EUR,4.85," "
2017-04-19,1,1.072266667,EUR,," "
2017-04-20,1,1.072266667,EUR,4.76," "
2017-04-21,1,1.072266667,EUR,4.73," "
2017-04-24,1,1.072266667,EUR,4.7," "
2017-04-25,1,1.072266667,EUR,4.62," "
2017-04-26,1,1.072266667,EUR,4.49," "
2017-04-27,1,1.072266667,EUR,4.57," "
2017-04-28,1,1.072266667,EUR,4.52," "
2017-05-02,1,1.10575,EUR,4.48," "
2017-05-03,1,1.10575,EUR,," "
2017-05-04,1,1.10575,EUR,4.35," "
2017-05-05,1,1.10575,EUR,4.52," "
2017-05-08,1,1.10575,EUR,4.45," "
2017-05-09,1,1.10575,EUR,4.37," "
2017-05-10,1,1.10575,EUR,4.49," "
2017-05-11,1,1.10575,EUR,4.37," "
2017-05-12,1,1.10575,EUR,4.26," "
2017-05-15,1,1.10575,EUR,4.41," "
2017-05-16,1,1.10575,EUR,4.45," "
2017-05-17,1,1.10575,EUR,," "
2017-05-18,1,1.10575,EUR,4.68," "
2017-05-19,1,1.10575,EUR,4.77," "
2017-05-22,1,1.10575,EUR,4.87," "
2017-05-23,1,1.10575,EUR,4.88," "
2017-05-24,1,1.10575,EUR,4.81," "
2017-05-25,1,1.10575,EUR,," "
2017-05-26,1,1.10575,EUR,," "
2017-05-29,1,1.10575,EUR,," "
2017-05-30,1,1.10575,EUR,5.1," "
2017-05-31,1,1.10575,EUR,," "
2017-06-01,1,1.122945455,EUR,5.05," "
2017-06-02,1,1.122945455,EUR,5.07," "
2017-06-05,1,1.122945455,EUR,," "
2017-06-06,1,1.122945455,EUR,5.16," "
2017-06-07,1,1.122945455,EUR,4.97," "
2017-06-08,1,1.122945455,EUR,4.96," "
2017-06-09,1,1.122945455,EUR,4.98," "
2017-06-12,1,1.122945455,EUR,5.03," "
2017-06-13,1,1.122945455,EUR,4.99," "
2017-06-14,1,1.122945455,EUR,," "
2017-06-15,1,1.122945455,EUR,," "
2017-06-16,1,1.122945455,EUR,," "
2017-06-19,1,1.122945455,EUR,4.84," "
2017-06-20,1,1.122945455,EUR,4.99," "
2017-06-21,1,1.122945455,EUR,4.95," "
2017-06-22,1,1.122945455,EUR,4.81," "
2017-06-23,1,1.122945455,EUR,4.87," "
2017-06-26,1,1.122945455,EUR,4.84," "
2017-06-27,1,1.122945455,EUR,4.8," "
2017-06-28,1,1.122945455,EUR,," "
2017-06-29,1,1.122945455,EUR,5.05," "
2017-06-30,1,1.122945455,EUR,5.02," "
2017-07-03,1,1.151114286,EUR,4.98," "
2017-07-04,1,1.151114286,EUR,5.06," "
2017-07-05,1,1.151114286,EUR,5.1," "
2017-07-06,1,1.151114286,EUR,5.07," "
2017-07-07,1,1.151114286,EUR,5.24," "
2017-07-10,1,1.151114286,EUR,5.5," "
2017-07-11,1,1.151114286,EUR,5.37," "
2017-07-12,1,1.151114286,EUR,," "
2017-07-13,1,1.151114286,EUR,5.46," "
2017-07-14,1,1.151114286,EUR,5.27," "
2017-07-17,1,1.151114286,EUR,5.4," "
2017-07-18,1,1.151114286,EUR,5.46," "
2017-07-19,1,1.151114286,EUR,5.39," "
2017-07-20,1,1.151114286,EUR,5.35," "
2017-07-21,1,1.151114286,EUR,5.23," "
2017-07-24,1,1.151114286,EUR,5.04," "
2017-07-25,1,1.151114286,EUR,5.12," "
2017-07-26,1,1.151114286,EUR,," "
2017-07-27,1,1.151114286,EUR,5.2," "
2017-07-28,1,1.151114286,EUR,5.06," "
2017-07-31,1,1.151114286,EUR,5.23," "
2017-08-01,1,1.180673913,EUR,5.6," "
2017-08-02,1,1.180673913,EUR,5.29," "
2017-08-03,1,1.180673913,EUR,5.38," "
2017-08-04,1,1.180673913,EUR,5.33," "
2017-08-07,1,1.180673913,EUR,5.24," "
2017-08-08,1,1.180673913,EUR,5.26," "
2017-08-09,1,1.180673913,EUR,," "
2017-08-10,1,1.180673913,EUR,5.4," "
2017-08-11,1,1.180673913,EUR,5.35," "
2017-08-14,1,1.180673913,EUR,5.41," "
2017-08-15,1,1.180673913,EUR,," "
2017-08-16,1,1.180673913,EUR,5.62," "
2017-08-17,1,1.180673913,EUR,5.9," "
2017-08-18,1,1.180673913,EUR,5.8," "
2017-08-21,1,1.180673913,EUR,5.81," "
2017-08-22,1,1.180673913,EUR,5.75," "
2017-08-23,1,1.180673913,EUR,," "
2017-08-24,1,1.180673913,EUR,5.98," "
2017-08-25,1,1.180673913,EUR,5.93," "
2017-08-28,1,1.180673913,EUR,," "
2017-08-29,1,1.180673913,EUR,6.07," "
2017-08-30,1,1.180673913,EUR,6.02," "
2017-08-31,1,1.180673913,EUR,5.91," "
2017-09-01,1,1.191457143,EUR,5.88," "
2017-09-04,1,1.191457143,EUR,5.8," "
2017-09-05,1,1.191457143,EUR,6.04," "
2017-09-06,1,1.191457143,EUR,," "
2017-09-07,1,1.191457143,EUR,," "
2017-09-08,1,1.191457143,EUR,6.9," "
2017-09-11,1,1.191457143,EUR,6.8," "
2017-09-12,1,1.191457143,EUR,6.65," "
2017-09-13,1,1.191457143,EUR,6.95," "
2017-09-14,1,1.191457143,EUR,7.42," "
2017-09-15,1,1.191457143,EUR,6.96," "
2017-09-18,1,1.191457143,EUR,6.85," "
2017-09-19,1,1.191457143,EUR,6.95," "
2017-09-20,1,1.191457143,EUR,," "
2017-09-21,1,1.191457143,EUR,6.68," "
2017-09-22,1,1.191457143,EUR,6.5," "
2017-09-25,1,1.191457143,EUR,6.8," "
2017-09-26,1,1.191457143,EUR,6.97," "
2017-09-27,1,1.191457143,EUR,6.71," "
2017-09-28,1,1.191457143,EUR,6.83," "
2017-09-29,1,1.191457143,EUR,7.09," "
2017-10-02,1,1.175586364,EUR,7," "
2017-10-03,1,1.175586364,EUR,," "
2017-10-04,1,1.175586364,EUR,," "
2017-10-05,1,1.175586364,EUR,6.92," "
2017-10-06,1,1.175586364,EUR,6.77," "
2017-10-09,1,1.175586364,EUR,6.92," "
2017-10-10,1,1.175586364,EUR,6.9," "
2017-10-11,1,1.175586364,EUR,7.4," "
2017-10-12,1,1.175586364,EUR,7.37," "
2017-10-13,1,1.175586364,EUR,7.3," "
2017-10-16,1,1.175586364,EUR,7.25," "
2017-10-17,1,1.175586364,EUR,7.45," "
2017-10-18,1,1.175586364,EUR,," "
2017-10-19,1,1.175586364,EUR,7.86," "
2017-10-20,1,1.175586364,EUR,7.56," "
2017-10-23,1,1.175586364,EUR,7.43," "
2017-10-24,1,1.175586364,EUR,7.41," "
2017-10-25,1,1.175586364,EUR,7.34," "
2017-10-26,1,1.175586364,EUR,7.46," "
2017-10-27,1,1.175586364,EUR,7.25," "
2017-10-30,1,1.175586364,EUR,7.15," "
2017-10-31,1,1.175586364,EUR,7.11," "
2017-11-01,1,1.1738,EUR,," "
2017-11-02,1,1.1738,EUR,7.52," "
2017-11-03,1,1.1738,EUR,," "
2017-11-06,1,1.1738,EUR,7.91," "
2017-11-07,1,1.1738,EUR,7.89," "
2017-11-08,1,1.1738,EUR,7.51," "
2017-11-09,1,1.1738,EUR,7.79," "
2017-11-10,1,1.1738,EUR,7.35," "
2017-11-13,1,1.1738,EUR,7.26," "
2017-11-14,1,1.1738,EUR,7.26," "
2017-11-15,1,1.1738,EUR,," "
2017-11-16,1,1.1738,EUR,7.68," "
2017-11-17,1,1.1738,EUR,7.43," "
2017-11-20,1,1.1738,EUR,7.32," "
2017-11-21,1,1.1738,EUR,7.51," "
2017-11-22,1,1.1738,EUR,7.36," "
2017-11-23,1,1.1738,EUR,7.37," "
2017-11-24,1,1.1738,EUR,7.7," "
2017-11-27,1,1.1738,EUR,7.69," "
2017-11-28,1,1.1738,EUR,7.59," "
2017-11-29,1,1.1738,EUR,," "
2017-11-30,1,1.1738,EUR,7.6," "
2017-12-01,1,1.183621053,EUR,7.5," "
2017-12-04,1,1.183621053,EUR,7.63," "
2017-12-05,1,1.183621053,EUR,7.49," "
2017-12-06,1,1.183621053,EUR,7.24," "
2017-12-07,1,1.183621053,EUR,7.23," "
2017-12-08,1,1.183621053,EUR,7.24," "
2017-12-11,1,1.183621053,EUR,7.1," "
2017-12-12,1,1.183621053,EUR,7.37," "
2017-12-13,1,1.183621053,EUR,," "
2017-12-14,1,1.183621053,EUR,6.96," "
2017-12-15,1,1.183621053,EUR,7.07," "
2017-12-18,1,1.183621053,EUR,," "
2017-12-19,1,1.183621053,EUR,," "
2017-12-20,1,1.183621053,EUR,," "
2017-12-21,1,1.183621053,EUR,," "
2017-12-22,1,1.183621053,EUR,," "
2017-12-27,1,1.183621053,EUR,," "
2017-12-28,1,1.183621053,EUR,," "
2017-12-29,1,1.183621053,EUR,," "
2018-01-02,1,1.21995,EUR,," "
2018-01-03,1,1.21995,EUR,," "
2018-01-04,1,1.21995,EUR,," "
2018-01-05,1,1.21995,EUR,," "
2018-01-08,1,1.21995,EUR,7.83," "
2018-01-09,1,1.21995,EUR,7.68," "
2018-01-10,1,1.21995,EUR,," "
2018-01-11,1,1.21995,EUR,7.89," "
2018-01-12,1,1.21995,EUR,7.79," "
2018-01-15,1,1.21995,EUR,7.72," "
2018-01-16,1,1.21995,EUR,7.77," "
2018-01-17,1,1.21995,EUR,7.99," "
2018-01-18,1,1.21995,EUR,8.26," "
2018-01-19,1,1.21995,EUR,8.6," "
2018-01-22,1,1.21995,EUR,8.7," "
2018-01-23,1,1.21995,EUR,8.88," "
2018-01-24,1,1.21995,EUR,," "
2018-01-25,1,1.21995,EUR,9.34," "
2018-01-26,1,1.21995,EUR,9.02," "
2018-01-29,1,1.21995,EUR,9.06," "
2018-01-30,1,1.21995,EUR,8.86," "
2018-01-31,1,1.21995,EUR,8.78," "
2018-02-01,1,1.23478,EUR,9.37," "
2018-02-02,1,1.23478,EUR,9.04," "
2018-02-05,1,1.23478,EUR,8.66," "
2018-02-06,1,1.23478,EUR,8.84," "
2018-02-07,1,1.23478,EUR,," "
2018-02-08,1,1.23478,EUR,8.93," "
2018-02-09,1,1.23478,EUR,8.97," "
2018-02-12,1,1.23478,EUR,9.08," "
2018-02-13,1,1.23478,EUR,9.53," "
2018-02-14,1,1.23478,EUR,9.88," "
2018-02-15,1,1.23478,EUR,9.64," "
2018-02-16,1,1.23478,EUR,9.53," "
2018-02-19,1,1.23478,EUR,9.58," "
2018-02-20,1,1.23478,EUR,9.7," "
2018-02-21,1,1.23478,EUR,," "
2018-02-22,1,1.23478,EUR,9.56," "
2018-02-23,1,1.23478,EUR,9.68," "
2018-02-26,1,1.23478,EUR,9.56," "
2018-02-27,1,1.23478,EUR,9.54," "
2018-02-28,1,1.23478,EUR,9.99," "
2018-03-01,1,1.233619048,EUR,9.92," "
2018-03-02,1,1.233619048,EUR,9.89," "
2018-03-05,1,1.233619048,EUR,10.05," "
2018-03-06,1,1.233619048,EUR,10.28," "
2018-03-07,1,1.233619048,EUR,," "
2018-03-08,1,1.233619048,EUR,10.77," "
2018-03-09,1,1.233619048,EUR,11.1," "
2018-03-12,1,1.233619048,EUR,11.32," "
2018-03-13,1,1.233619048,EUR,11.03," "
2018-03-14,1,1.233619048,EUR,11.25," "
2018-03-15,1,1.233619048,EUR,11.09," "
2018-03-16,1,1.233619048,EUR,10.97," "
2018-03-19,1,1.233619048,EUR,10.96," "
2018-03-20,1,1.233619048,EUR,11.17," "
2018-03-21,1,1.233619048,EUR,," "
2018-03-22,1,1.233619048,EUR,12.54," "
2018-03-23,1,1.233619048,EUR,12.37," "
2018-03-26,1,1.233619048,EUR,12.8," "
2018-03-27,1,1.233619048,EUR,13.26," "
2018-03-28,1,1.233619048,EUR,14.05," "
2018-03-29,1,1.233619048,EUR,," "
2018-04-03,1,1.22763,EUR,12.9," "
2018-04-04,1,1.22763,EUR,," "
2018-04-05,1,1.22763,EUR,12.65," "
2018-04-06,1,1.22763,EUR,12.68," "
2018-04-09,1,1.22763,EUR,12.96," "
2018-04-10,1,1.22763,EUR,13.1," "
2018-04-11,1,1.22763,EUR,13.55," "
2018-04-12,1,1.22763,EUR,13.15," "
2018-04-13,1,1.22763,EUR,13.8," "
2018-04-16,1,1.22763,EUR,13.84," "
2018-04-17,1,1.22763,EUR,13.82," "
2018-04-18,1,1.22763,EUR,," "
2018-04-19,1,1.22763,EUR,13.99," "
2018-04-20,1,1.22763,EUR,13.05," "
2018-04-23,1,1.22763,EUR,12.75," "
2018-04-24,1,1.22763,EUR,12.73," "
2018-04-25,1,1.22763,EUR,13.09," "
2018-04-26,1,1.22763,EUR,13.39," "
2018-04-27,1,1.22763,EUR,13.28," "
2018-04-30,1,1.22763,EUR,13.35," "
2018-05-02,1,1.181222727,EUR,," "
2018-05-03,1,1.181222727,EUR,12.77," "
2018-05-04,1,1.181222727,EUR,12.78," "
2018-05-07,1,1.181222727,EUR,," "
2018-05-08,1,1.181222727,EUR,13.51," "
2018-05-09,1,1.181222727,EUR,13.92," "
2018-05-10,1,1.181222727,EUR,," "
2018-05-11,1,1.181222727,EUR,," "
2018-05-14,1,1.181222727,EUR,14.2," "
2018-05-15,1,1.181222727,EUR,14.7," "
2018-05-16,1,1.181222727,EUR,," "
2018-05-17,1,1.181222727,EUR,15.05," "
2018-05-18,1,1.181222727,EUR,15.2," "
2018-05-21,1,1.181222727,EUR,," "
2018-05-22,1,1.181222727,EUR,15.88," "
2018-05-23,1,1.181222727,EUR,15.74," "
2018-05-24,1,1.181222727,EUR,16.23," "
2018-05-25,1,1.181222727,EUR,15.89," "
2018-05-28,1,1.181222727,EUR,," "
2018-05-29,1,1.181222727,EUR,16.25," "
2018-05-30,1,1.181222727,EUR,," "
2018-05-31,1,1.181222727,EUR,15.4," "
2018-06-01,1,1.167828571,EUR,14.9," "
2018-06-04,1,1.167828571,EUR,15.28," "
2018-06-05,1,1.167828571,EUR,16.35," "
2018-06-06,1,1.167828571,EUR,15.7," "
2018-06-07,1,1.167828571,EUR,16.14," "
2018-06-08,1,1.167828571,EUR,15.78," "
2018-06-11,1,1.167828571,EUR,15.7," "
2018-06-12,1,1.167828571,EUR,15.08," "
2018-06-13,1,1.167828571,EUR,," "
2018-06-14,1,1.167828571,EUR,15.44," "
2018-06-15,1,1.167828571,EUR,14.62," "
2018-06-18,1,1.167828571,EUR,14.52," "
2018-06-19,1,1.167828571,EUR,14.35," "
2018-06-20,1,1.167828571,EUR,14.21," "
2018-06-21,1,1.167828571,EUR,14.2," "
2018-06-22,1,1.167828571,EUR,14.78," "
2018-06-25,1,1.167828571,EUR,15.03," "
2018-06-26,1,1.167828571,EUR,14.86," "
2018-06-27,1,1.167828571,EUR,," "
2018-06-28,1,1.167828571,EUR,15.22," "
2018-06-29,1,1.167828571,EUR,14.85," "
2018-07-02,1,1.168572727,EUR,14.95," "
2018-07-03,1,1.168572727,EUR,15.15," "
2018-07-04,1,1.168572727,EUR,15.35," "
2018-07-05,1,1.168572727,EUR,15.4," "
2018-07-06,1,1.168572727,EUR,15.55," "
2018-07-09,1,1.168572727,EUR,15.85," "
2018-07-10,1,1.168572727,EUR,16.15," "
2018-07-11,1,1.168572727,EUR,," "
2018-07-12,1,1.168572727,EUR,16.22," "
2018-07-13,1,1.168572727,EUR,15.8," "
2018-07-16,1,1.168572727,EUR,16.14," "
2018-07-17,1,1.168572727,EUR,15.87," "
2018-07-18,1,1.168572727,EUR,16.01," "
2018-07-19,1,1.168572727,EUR,16.46," "
2018-07-20,1,1.168572727,EUR,16.9," "
2018-07-23,1,1.168572727,EUR,17.2," "
2018-07-24,1,1.168572727,EUR,17.45," "
2018-07-25,1,1.168572727,EUR,," "
2018-07-26,1,1.168572727,EUR,16.99," "
2018-07-27,1,1.168572727,EUR,16.91," "
2018-07-30,1,1.168572727,EUR,16.9," "
2018-07-31,1,1.168572727,EUR,16.87," "
2018-08-01,1,1.154895652,EUR,17.38," "
2018-08-02,1,1.154895652,EUR,17.58," "
2018-08-03,1,1.154895652,EUR,17.62," "
2018-08-06,1,1.154895652,EUR,17.62," "
2018-08-07,1,1.154895652,EUR,17.47," "
2018-08-08,1,1.154895652,EUR,," "
2018-08-09,1,1.154895652,EUR,17.47," "
2018-08-10,1,1.154895652,EUR,17.72," "
2018-08-13,1,1.154895652,EUR,17.93," "
2018-08-14,1,1.154895652,EUR,18.03," "
2018-08-15,1,1.154895652,EUR,," "
2018-08-16,1,1.154895652,EUR,18," "
2018-08-17,1,1.154895652,EUR,18.1," "
2018-08-20,1,1.154895652,EUR,18.2," "
2018-08-21,1,1.154895652,EUR,18.55," "
2018-08-22,1,1.154895652,EUR,," "
2018-08-23,1,1.154895652,EUR,20.05," "
2018-08-24,1,1.154895652,EUR,20.55," "
2018-08-27,1,1.154895652,EUR,," "
2018-08-28,1,1.154895652,EUR,21.3," "
2018-08-29,1,1.154895652,EUR,20.9," "
2018-08-30,1,1.154895652,EUR,21.09," "
2018-08-31,1,1.154895652,EUR,21.11," "
2018-09-03,1,1.16587,EUR,20.45," "
2018-09-04,1,1.16587,EUR,20.5," "
2018-09-05,1,1.16587,EUR,," "
2018-09-06,1,1.16587,EUR,," "
2018-09-07,1,1.16587,EUR,22.51," "
2018-09-10,1,1.16587,EUR,24.85," "
2018-09-11,1,1.16587,EUR,24.15," "
2018-09-12,1,1.16587,EUR,23.75," "
2018-09-13,1,1.16587,EUR,21.9," "
2018-09-14,1,1.16587,EUR,19.51," "
2018-09-17,1,1.16587,EUR,20.6," "
2018-09-18,1,1.16587,EUR,20.75," "
2018-09-19,1,1.16587,EUR,," "
2018-09-20,1,1.16587,EUR,21.8," "
2018-09-21,1,1.16587,EUR,," "
2018-09-24,1,1.16587,EUR,22.39," "
2018-09-25,1,1.16587,EUR,21.9," "
2018-09-26,1,1.16587,EUR,20.4," "
2018-09-27,1,1.16587,EUR,19.87," "
2018-09-28,1,1.16587,EUR,20.3," "
2018-10-01,1,1.148404348,EUR,20.7," "
2018-10-02,1,1.148404348,EUR,21.45," "
2018-10-03,1,1.148404348,EUR,," "
2018-10-04,1,1.148404348,EUR,21.15," "
2018-10-05,1,1.148404348,EUR,21.14," "
2018-10-08,1,1.148404348,EUR,22.09," "
2018-10-09,1,1.148404348,EUR,21.32," "
2018-10-10,1,1.148404348,EUR,20.38," "
2018-10-11,1,1.148404348,EUR,18.57," "
2018-10-12,1,1.148404348,EUR,19.95," "
2018-10-15,1,1.148404348,EUR,20.03," "
2018-10-16,1,1.148404348,EUR,17.9," "
2018-10-17,1,1.148404348,EUR,," "
2018-10-18,1,1.148404348,EUR,18.53," "
2018-10-19,1,1.148404348,EUR,19.17," "
2018-10-22,1,1.148404348,EUR,19.1," "
2018-10-23,1,1.148404348,EUR,18.5," "
2018-10-24,1,1.148404348,EUR,19.1," "
2018-10-25,1,1.148404348,EUR,18.72," "
2018-10-26,1,1.148404348,EUR,18.98," "
2018-10-29,1,1.148404348,EUR,17.91," "
2018-10-30,1,1.148404348,EUR,16.87," "
2018-10-31,1,1.148404348,EUR,," "
2018-11-01,1,1.136686364,EUR,15.85," "
2018-11-02,1,1.136686364,EUR,16.15," "
2018-11-05,1,1.136686364,EUR,16.4," "
2018-11-06,1,1.136686364,EUR,16.99," "
2018-11-07,1,1.136686364,EUR,18.25," "
2018-11-08,1,1.136686364,EUR,19.56," "
2018-11-09,1,1.136686364,EUR,19.25," "
2018-11-12,1,1.136686364,EUR,20.01," "
2018-11-13,1,1.136686364,EUR,19.76," "
2018-11-14,1,1.136686364,EUR,," "
2018-11-15,1,1.136686364,EUR,18.46," "
2018-11-16,1,1.136686364,EUR,," "
2018-11-19,1,1.136686364,EUR,18.43," "
2018-11-20,1,1.136686364,EUR,19.4," "
2018-11-21,1,1.136686364,EUR,20.1," "
2018-11-22,1,1.136686364,EUR,20.3," "
2018-11-23,1,1.136686364,EUR,," "
2018-11-26,1,1.136686364,EUR,19.71," "
2018-11-27,1,1.136686364,EUR,19.77," "
2018-11-28,1,1.136686364,EUR,," "
2018-11-29,1,1.136686364,EUR,19.35," "
2018-11-30,1,1.136686364,EUR,," "
2018-12-03,1,1.138421053,EUR,20.52," "
2018-12-04,1,1.138421053,EUR,20.35," "
2018-12-05,1,1.138421053,EUR,20.21," "
2018-12-06,1,1.138421053,EUR,18.55," "
2018-12-07,1,1.138421053,EUR,," "
2018-12-10,1,1.138421053,EUR,19.77," "
2018-12-11,1,1.138421053,EUR,20.77," "
2018-12-12,1,1.138421053,EUR,," "
2018-12-13,1,1.138421053,EUR,21.88," "
2018-12-14,1,1.138421053,EUR,," "
2018-12-17,1,1.138421053,EUR,23.4," "
2018-12-18,1,1.138421053,EUR,," "
2018-12-19,1,1.138421053,EUR,," "
2018-12-20,1,1.138421053,EUR,," "
2018-12-21,1,1.138421053,EUR,," "
2018-12-27,1,1.138421053,EUR,," "
2018-12-28,1,1.138421053,EUR,," "
2019-01-02,1,1.141640909,EUR,," "
2019-01-03,1,1.141640909,EUR,," "
2019-01-04,1,1.141640909,EUR,," "
2019-01-07,1,1.141640909,EUR,23.01," "
2019-01-08,1,1.141640909,EUR,22.4," "
2019-01-09,1,1.141640909,EUR,," "
2019-01-10,1,1.141640909,EUR,21.4," "
2019-01-11,1,1.141640909,EUR,," "
2019-01-14,1,1.141640909,EUR,21.95," "
2019-01-15,1,1.141640909,EUR,22.55," "
2019-01-16,1,1.141640909,EUR,22.81," "
2019-01-17,1,1.141640909,EUR,23.55," "
2019-01-18,1,1.141640909,EUR,," "
2019-01-21,1,1.141640909,EUR,24.22," "
2019-01-22,1,1.141640909,EUR,24.42," "
2019-01-23,1,1.141640909,EUR,," "
2019-01-24,1,1.141640909,EUR,24.6," "
2019-01-25,1,1.141640909,EUR,," "
2019-01-28,1,1.141640909,EUR,23.01," "
2019-01-29,1,1.141640909,EUR,22.43," "
2019-01-30,1,1.141640909,EUR,22.91," "
2019-01-31,1,1.141640909,EUR,22.3," "
2019-02-01,1,1.135115,EUR,21.38," "
2019-02-04,1,1.135115,EUR,21.38," "
2019-02-05,1,1.135115,EUR,22.93," "
2019-02-06,1,1.135115,EUR,," "
2019-02-07,1,1.135115,EUR,23.8," "
2019-02-08,1,1.135115,EUR,23.28," "
2019-02-11,1,1.135115,EUR,21.8," "
2019-02-12,1,1.135115,EUR,21.71," "
2019-02-13,1,1.135115,EUR,20.01," "
2019-02-14,1,1.135115,EUR,20.86," "
2019-02-15,1,1.135115,EUR,19.99," "
2019-02-18,1,1.135115,EUR,20.14," "
2019-02-19,1,1.135115,EUR,20.26," "
2019-02-20,1,1.135115,EUR,," "
2019-02-21,1,1.135115,EUR,19.85," "
2019-02-22,1,1.135115,EUR,18.35," "
2019-02-25,1,1.135115,EUR,18.62," "
2019-02-26,1,1.135115,EUR,19.6," "
2019-02-27,1,1.135115,EUR,20.31," "
2019-02-28,1,1.135115,EUR,20.9," "
2019-03-01,1,1.130247619,EUR,21.31," "
2019-03-04,1,1.130247619,EUR,22.12," "
2019-03-05,1,1.130247619,EUR,22.86," "
2019-03-06,1,1.130247619,EUR,," "
2019-03-07,1,1.130247619,EUR,22.03," "
2019-03-08,1,1.130247619,EUR,22.88," "
2019-03-11,1,1.130247619,EUR,22.6," "
2019-03-12,1,1.130247619,EUR,22.48," "
2019-03-13,1,1.130247619,EUR,21.98," "
2019-03-14,1,1.130247619,EUR,22.23," "
2019-03-15,1,1.130247619,EUR,22.77," "
2019-03-18,1,1.130247619,EUR,21.5," "
2019-03-19,1,1.130247619,EUR,21.35," "
2019-03-20,1,1.130247619,EUR,," "
2019-03-21,1,1.130247619,EUR,21.1," "
2019-03-22,1,1.130247619,EUR,20.64," "
2019-03-25,1,1.130247619,EUR,20.6," "
2019-03-26,1,1.130247619,EUR,21.17," "
2019-03-27,1,1.130247619,EUR,21.45," "
2019-03-28,1,1.130247619,EUR,21.55," "
2019-03-29,1,1.130247619,EUR,21.83," "
2019-04-01,1,1.123825,EUR,21.06," "
2019-04-02,1,1.123825,EUR,21.4," "
2019-04-03,1,1.123825,EUR,," "
2019-04-04,1,1.123825,EUR,23.65," "
2019-04-05,1,1.123825,EUR,24.17," "
2019-04-08,1,1.123825,EUR,24.07," "
2019-04-09,1,1.123825,EUR,25.2," "
2019-04-10,1,1.123825,EUR,26.21," "
2019-04-11,1,1.123825,EUR,25.88," "
2019-04-12,1,1.123825,EUR,26.72," "
2019-04-15,1,1.123825,EUR,27," "
2019-04-16,1,1.123825,EUR,26.8," "
2019-04-17,1,1.123825,EUR,," "
2019-04-18,1,1.123825,EUR,26.92," "
2019-04-23,1,1.123825,EUR,27.17," "
2019-04-24,1,1.123825,EUR,27.02," "
2019-04-25,1,1.123825,EUR,27.46," "
2019-04-26,1,1.123825,EUR,26.79," "
2019-04-29,1,1.123825,EUR,25.81," "
2019-04-30,1,1.123825,EUR,25.85," "
2019-05-02,1,1.118459091,EUR,25.04," "
2019-05-03,1,1.118459091,EUR,24.32," "
2019-05-06,1,1.118459091,EUR,," "
2019-05-07,1,1.118459091,EUR,25.65," "
2019-05-08,1,1.118459091,EUR,26.5," "
2019-05-09,1,1.118459091,EUR,26.81," "
2019-05-10,1,1.118459091,EUR,26.35," "
2019-05-13,1,1.118459091,EUR,25.25," "
2019-05-14,1,1.118459091,EUR,25.03," "
2019-05-15,1,1.118459091,EUR,," "
2019-05-16,1,1.118459091,EUR,25.81," "
2019-05-17,1,1.118459091,EUR,25.01," "
2019-05-20,1,1.118459091,EUR,24.91," "
2019-05-21,1,1.118459091,EUR,25.01," "
2019-05-22,1,1.118459091,EUR,25.65," "
2019-05-23,1,1.118459091,EUR,26.05," "
2019-05-24,1,1.118459091,EUR,25.61," "
2019-05-27,1,1.118459091,EUR,," "
2019-05-28,1,1.118459091,EUR,25.3," "
2019-05-29,1,1.118459091,EUR,," "
2019-05-30,1,1.118459091,EUR,," "
2019-05-31,1,1.118459091,EUR,," "
2019-06-03,1,1.12934,EUR,23.96," "
2019-06-04,1,1.12934,EUR,23.86," "
2019-06-05,1,1.12934,EUR,24.42," "
2019-06-06,1,1.12934,EUR,24.07," "
2019-06-07,1,1.12934,EUR,24.24," "
2019-06-10,1,1.12934,EUR,," "
2019-06-11,1,1.12934,EUR,25.12," "
2019-06-12,1,1.12934,EUR,," "
2019-06-13,1,1.12934,EUR,24.92," "
2019-06-14,1,1.12934,EUR,24.67," "
2019-06-17,1,1.12934,EUR,24.78," "
2019-06-18,1,1.12934,EUR,24.98," "
2019-06-19,1,1.12934,EUR,24.98," "
2019-06-20,1,1.12934,EUR,24.86," "
2019-06-21,1,1.12934,EUR,24.87," "
2019-06-24,1,1.12934,EUR,25.64," "
2019-06-25,1,1.12934,EUR,," "
2019-06-26,1,1.12934,EUR,," "
2019-06-27,1,1.12934,EUR,27.1," "
2019-06-28,1,1.12934,EUR,26.4," "
2019-07-01,1,1.12183913,EUR,26.72," "
2019-07-02,1,1.12183913,EUR,27.22," "
2019-07-03,1,1.12183913,EUR,26.33," "
2019-07-04,1,1.12183913,EUR,26.22," "
2019-07-05,1,1.12183913,EUR,25.84," "
2019-07-08,1,1.12183913,EUR,26.6," "
2019-07-09,1,1.12183913,EUR,26.68," "
2019-07-10,1,1.12183913,EUR,," "
2019-07-11,1,1.12183913,EUR,28.5," "
2019-07-12,1,1.12183913,EUR,28.25," "
2019-07-15,1,1.12183913,EUR,29.15," "
2019-07-16,1,1.12183913,EUR,29.1," "
2019-07-17,1,1.12183913,EUR,28.37," "
2019-07-18,1,1.12183913,EUR,27.99," "
2019-07-19,1,1.12183913,EUR,28.15," "
2019-07-22,1,1.12183913,EUR,28.96," "
2019-07-23,1,1.12183913,EUR,29.05," "
2019-07-24,1,1.12183913,EUR,," "
2019-07-25,1,1.12183913,EUR,29.46," "
2019-07-26,1,1.12183913,EUR,28.51," "
2019-07-29,1,1.12183913,EUR,28.8," "
2019-07-30,1,1.12183913,EUR,28.18," "
2019-07-31,1,1.12183913,EUR,28.04," "
2019-08-01,1,1.112622727,EUR,28.9," "
2019-08-02,1,1.112622727,EUR,29.1," "
2019-08-05,1,1.112622727,EUR,28.82," "
2019-08-06,1,1.112622727,EUR,28.48," "
2019-08-07,1,1.112622727,EUR,," "
2019-08-08,1,1.112622727,EUR,28.68," "
2019-08-09,1,1.112622727,EUR,28.37," "
2019-08-12,1,1.112622727,EUR,27.7," "
2019-08-13,1,1.112622727,EUR,27.1," "
2019-08-14,1,1.112622727,EUR,27.15," "
2019-08-15,1,1.112622727,EUR,26.41," "
2019-08-16,1,1.112622727,EUR,26.12," "
2019-08-19,1,1.112622727,EUR,26.25," "
2019-08-20,1,1.112622727,EUR,26.94," "
2019-08-21,1,1.112622727,EUR,," "
2019-08-22,1,1.112622727,EUR,25.78," "
2019-08-23,1,1.112622727,EUR,25.33," "
2019-08-26,1,1.112622727,EUR,," "
2019-08-27,1,1.112622727,EUR,25.25," "
2019-08-28,1,1.112622727,EUR,26," "
2019-08-29,1,1.112622727,EUR,25.93," "
2019-08-30,1,1.112622727,EUR,26.8," "
2019-09-02,1,1.100390476,EUR,25.4," "
2019-09-03,1,1.100390476,EUR,24.82," "
2019-09-04,1,1.100390476,EUR,," "
2019-09-05,1,1.100390476,EUR,," "
2019-09-06,1,1.100390476,EUR,25.46," "
2019-09-09,1,1.100390476,EUR,25.01," "
2019-09-10,1,1.100390476,EUR,25.5," "
2019-09-11,1,1.100390476,EUR,26.34," "
2019-09-12,1,1.100390476,EUR,26.55," "
2019-09-13,1,1.100390476,EUR,26.22," "
2019-09-16,1,1.100390476,EUR,26.58," "
2019-09-17,1,1.100390476,EUR,26.75," "
2019-09-18,1,1.100390476,EUR,," "
2019-09-19,1,1.100390476,EUR,25.56," "
2019-09-20,1,1.100390476,EUR,26.17," "
2019-09-23,1,1.100390476,EUR,25.93," "
2019-09-24,1,1.100390476,EUR,25.59," "
2019-09-25,1,1.100390476,EUR,25.17," "
2019-09-26,1,1.100390476,EUR,25.21," "
2019-09-27,1,1.100390476,EUR,25.3," "
2019-09-30,1,1.100390476,EUR,25.03," "
2019-10-01,1,1.105256522,EUR,24.4," "
2019-10-02,1,1.105256522,EUR,," "
2019-10-03,1,1.105256522,EUR,24.03," "
2019-10-04,1,1.105256522,EUR,23.41," "
2019-10-07,1,1.105256522,EUR,22.77," "
2019-10-08,1,1.105256522,EUR,23.37," "
2019-10-09,1,1.105256522,EUR,22.32," "
2019-10-10,1,1.105256522,EUR,22.83," "
2019-10-11,1,1.105256522,EUR,23.62," "
2019-10-14,1,1.105256522,EUR,23.82," "
2019-10-15,1,1.105256522,EUR,24.48," "
2019-10-16,1,1.105256522,EUR,," "
2019-10-17,1,1.105256522,EUR,25.96," "
2019-10-18,1,1.105256522,EUR,25.64," "
2019-10-21,1,1.105256522,EUR,25.9," "
2019-10-22,1,1.105256522,EUR,25.7," "
2019-10-23,1,1.105256522,EUR,25.09," "
2019-10-24,1,1.105256522,EUR,24.61," "
2019-10-25,1,1.105256522,EUR,24.86," "
2019-10-28,1,1.105256522,EUR,24.68," "
2019-10-29,1,1.105256522,EUR,25.4," "
2019-10-30,1,1.105256522,EUR,," "
2019-10-31,1,1.105256522,EUR,25.95," "
2019-11-01,1,1.105095238,EUR,25.71," "
2019-11-04,1,1.105095238,EUR,24.93," "
2019-11-05,1,1.105095238,EUR,25.8," "
2019-11-06,1,1.105095238,EUR,25.18," "
2019-11-07,1,1.105095238,EUR,24.86," "
2019-11-08,1,1.105095238,EUR,24.62," "
2019-11-11,1,1.105095238,EUR,25.21," "
2019-11-12,1,1.105095238,EUR,24.95," "
2019-11-13,1,1.105095238,EUR,," "
2019-11-14,1,1.105095238,EUR,24.28," "
2019-11-15,1,1.105095238,EUR,23.41," "
2019-11-18,1,1.105095238,EUR,23.41," "
2019-11-19,1,1.105095238,EUR,23.62," "
2019-11-20,1,1.105095238,EUR,23.34," "
2019-11-21,1,1.105095238,EUR,23.96," "
2019-11-22,1,1.105095238,EUR,24.32," "
2019-11-25,1,1.105095238,EUR,24.52," "
2019-11-26,1,1.105095238,EUR,24.29," "
2019-11-27,1,1.105095238,EUR,," "
2019-11-28,1,1.105095238,EUR,24.91," "
2019-11-29,1,1.105095238,EUR,25.03," "
2019-12-02,1,1.111345,EUR,24.62," "
2019-12-03,1,1.111345,EUR,24.41," "
2019-12-04,1,1.111345,EUR,24.1," "
2019-12-05,1,1.111345,EUR,24.5," "
2019-12-06,1,1.111345,EUR,24.7," "
2019-12-09,1,1.111345,EUR,24.4," "
2019-12-10,1,1.111345,EUR,24.98," "
2019-12-11,1,1.111345,EUR,," "
2019-12-12,1,1.111345,EUR,24.62," "
2019-12-13,1,1.111345,EUR,25.33," "
2019-12-16,1,1.111345,EUR,24.21," "
2019-12-17,1,1.111345,EUR,," "
2019-12-18,1,1.111345,EUR,," "
2019-12-19,1,1.111345,EUR,," "
2019-12-20,1,1.111345,EUR,," "
2019-12-23,1,1.111345,EUR,," "
2019-12-27,1,1.111345,EUR,," "
2019-12-30,1,1.111345,EUR,," "
2020-01-02,1,1.110036364,EUR,," "
2020-01-03,1,1.110036364,EUR,," "
2020-01-06,1,1.110036364,EUR,," "
2020-01-07,1,1.110036364,EUR,24.06," "
2020-01-08,1,1.110036364,EUR,," "
2020-01-09,1,1.110036364,EUR,24.01," "
2020-01-10,1,1.110036364,EUR,24.48," "
2020-01-13,1,1.110036364,EUR,24.03," "
2020-01-14,1,1.110036364,EUR,23.74," "
2020-01-15,1,1.110036364,EUR,24.08," "
2020-01-16,1,1.110036364,EUR,24.85," "
2020-01-17,1,1.110036364,EUR,25.01," "
2020-01-20,1,1.110036364,EUR,25.6," "
2020-01-21,1,1.110036364,EUR,25.1," "
2020-01-22,1,1.110036364,EUR,," "
2020-01-23,1,1.110036364,EUR,24.65," "
2020-01-24,1,1.110036364,EUR,24.48," "
2020-01-27,1,1.110036364,EUR,24.04," "
2020-01-28,1,1.110036364,EUR,24.55," "
2020-01-29,1,1.110036364,EUR,24.04," "
2020-01-30,1,1.110036364,EUR,23.74," "
2020-01-31,1,1.110036364,EUR,23.48," "
2020-02-03,1,1.0905,EUR,23.2," "
2020-02-04,1,1.0905,EUR,23.33," "
2020-02-05,1,1.0905,EUR,," "
2020-02-06,1,1.0905,EUR,23.4," "
2020-02-07,1,1.0905,EUR,23.17," "
2020-02-10,1,1.0905,EUR,22.91," "
2020-02-11,1,1.0905,EUR,23.15," "
2020-02-12,1,1.0905,EUR,23.35," "
2020-02-13,1,1.0905,EUR,23.52," "
2020-02-14,1,1.0905,EUR,24.27," "
2020-02-17,1,1.0905,EUR,24.11," "
2020-02-18,1,1.0905,EUR,24.8," "
2020-02-19,1,1.0905,EUR,," "
2020-02-20,1,1.0905,EUR,25.5," "
2020-02-21,1,1.0905,EUR,25.15," "
2020-02-24,1,1.0905,EUR,24.64," "
2020-02-25,1,1.0905,EUR,24.32," "
2020-02-26,1,1.0905,EUR,23.85," "
2020-02-27,1,1.0905,EUR,23.8," "
2020-02-28,1,1.0905,EUR,23.46," "
2020-03-02,1,1.106340909,EUR,23.96," "
2020-03-03,1,1.106340909,EUR,23.26," "
2020-03-04,1,1.106340909,EUR,," "
2020-03-05,1,1.106340909,EUR,23.9," "
2020-03-06,1,1.106340909,EUR,23.36," "
2020-03-09,1,1.106340909,EUR,22.65," "
2020-03-10,1,1.106340909,EUR,23.76," "
2020-03-11,1,1.106340909,EUR,23.59," "
2020-03-12,1,1.106340909,EUR,22.85," "
2020-03-13,1,1.106340909,EUR,22.78," "
2020-03-16,1,1.106340909,EUR,20.64," "
2020-03-17,1,1.106340909,EUR,," "
2020-03-18,1,1.106340909,EUR,," "
2020-03-19,1,1.106340909,EUR,16.03," "
2020-03-20,1,1.106340909,EUR,16.35," "
2020-03-23,1,1.106340909,EUR,14.6," "
2020-03-24,1,1.106340909,EUR,16.25," "
2020-03-25,1,1.106340909,EUR,16.95," "
2020-03-26,1,1.106340909,EUR,16.3," "
2020-03-27,1,1.106340909,EUR,16.55," "
2020-03-30,1,1.106340909,EUR,16.32," "
2020-03-31,1,1.106340909,EUR,17.4," "
2020-04-01,1,1.08619,EUR,," "
2020-04-02,1,1.08619,EUR,17.52," "
2020-04-03,1,1.08619,EUR,17.9," "
2020-04-06,1,1.08619,EUR,18.36," "
2020-04-07,1,1.08619,EUR,21.11," "
2020-04-08,1,1.08619,EUR,20.74," "
2020-04-09,1,1.08619,EUR,21.4," "
2020-04-14,1,1.08619,EUR,20.17," "
2020-04-15,1,1.08619,EUR,," "
2020-04-16,1,1.08619,EUR,20.1," "
2020-04-17,1,1.08619,EUR,21.87," "
2020-04-20,1,1.08619,EUR,21.24," "
2020-04-21,1,1.08619,EUR,20.4," "
2020-04-22,1,1.08619,EUR,19.75," "
2020-04-23,1,1.08619,EUR,20.24," "
2020-04-24,1,1.08619,EUR,20.49," "
2020-04-27,1,1.08619,EUR,20.4," "
2020-04-28,1,1.08619,EUR,19.99," "
2020-04-29,1,1.08619,EUR,," "
2020-04-30,1,1.08619,EUR,19.97," "
2020-05-04,1,1.090185,EUR,," "
2020-05-05,1,1.090185,EUR,19.01," "
2020-05-06,1,1.090185,EUR,17.75," "
2020-05-07,1,1.090185,EUR,19," "
2020-05-08,1,1.090185,EUR,19.38," "
2020-05-11,1,1.090185,EUR,18.81," "
2020-05-12,1,1.090185,EUR,18.72," "
2020-05-13,1,1.090185,EUR,," "
2020-05-14,1,1.090185,EUR,18.37," "
2020-05-15,1,1.090185,EUR,19.02," "
2020-05-18,1,1.090185,EUR,19.3," "
2020-05-19,1,1.090185,EUR,20.02," "
2020-05-20,1,1.090185,EUR,20.11," "
2020-05-21,1,1.090185,EUR,," "
2020-05-22,1,1.090185,EUR,," "
2020-05-25,1,1.090185,EUR,," "
2020-05-26,1,1.090185,EUR,21.45," "
2020-05-27,1,1.090185,EUR,," "
2020-05-28,1,1.090185,EUR,20.95," "
2020-05-29,1,1.090185,EUR,21.7," "
2020-06-01,1,1.125459091,EUR,," "
2020-06-02,1,1.125459091,EUR,21.15," "
2020-06-03,1,1.125459091,EUR,21.98," "
2020-06-04,1,1.125459091,EUR,21.77," "
2020-06-05,1,1.125459091,EUR,22.5," "
2020-06-08,1,1.125459091,EUR,22.66," "
2020-06-09,1,1.125459091,EUR,22.3," "
2020-06-10,1,1.125459091,EUR,," "
2020-06-11,1,1.125459091,EUR,22.2," "
2020-06-12,1,1.125459091,EUR,22.15," "
2020-06-15,1,1.125459091,EUR,21.8," "
2020-06-16,1,1.125459091,EUR,22.87," "
2020-06-17,1,1.125459091,EUR,22.81," "
2020-06-18,1,1.125459091,EUR,23.63," "
2020-06-19,1,1.125459091,EUR,24.18," "
2020-06-22,1,1.125459091,EUR,24.15," "
2020-06-23,1,1.125459091,EUR,24.85," "
2020-06-24,1,1.125459091,EUR,," "
2020-06-25,1,1.125459091,EUR,25.15," "
2020-06-26,1,1.125459091,EUR,24.9," "
2020-06-29,1,1.125459091,EUR,24.74," "
2020-06-30,1,1.125459091,EUR,25.99," "
2020-07-01,1,1.14633913,EUR,27.1," "
2020-07-02,1,1.14633913,EUR,27.25," "
2020-07-03,1,1.14633913,EUR,27," "
2020-07-06,1,1.14633913,EUR,28.86," "
2020-07-07,1,1.14633913,EUR,29.34," "
2020-07-08,1,1.14633913,EUR,," "
2020-07-09,1,1.14633913,EUR,28.48," "
2020-07-10,1,1.14633913,EUR,27.66," "
2020-07-13,1,1.14633913,EUR,30.04," "
2020-07-14,1,1.14633913,EUR,29.2," "
2020-07-15,1,1.14633913,EUR,29.81," "
2020-07-16,1,1.14633913,EUR,28.13," "
2020-07-17,1,1.14633913,EUR,26.85," "
2020-07-20,1,1.14633913,EUR,26.85," "
2020-07-21,1,1.14633913,EUR,26.34," "
2020-07-22,1,1.14633913,EUR,," "
2020-07-23,1,1.14633913,EUR,26.76," "
2020-07-24,1,1.14633913,EUR,26.57," "
2020-07-27,1,1.14633913,EUR,25.53," "
2020-07-28,1,1.14633913,EUR,25.03," "
2020-07-29,1,1.14633913,EUR,25.96," "
2020-07-30,1,1.14633913,EUR,25.34," "
2020-07-31,1,1.14633913,EUR,26.3," "
2020-08-03,1,1.182809524,EUR,25.81," "
2020-08-04,1,1.182809524,EUR,25.95," "
2020-08-05,1,1.182809524,EUR,," "
2020-08-06,1,1.182809524,EUR,26.95," "
2020-08-07,1,1.182809524,EUR,26.16," "
2020-08-10,1,1.182809524,EUR,26.92," "
2020-08-11,1,1.182809524,EUR,26.71," "
2020-08-12,1,1.182809524,EUR,25.55," "
2020-08-13,1,1.182809524,EUR,25.94," "
2020-08-14,1,1.182809524,EUR,25.25," "
2020-08-17,1,1.182809524,EUR,25.42," "
2020-08-18,1,1.182809524,EUR,26.05," "
2020-08-19,1,1.182809524,EUR,," "
2020-08-20,1,1.182809524,EUR,25.7," "
2020-08-21,1,1.182809524,EUR,25.36," "
2020-08-24,1,1.182809524,EUR,26.6," "
2020-08-25,1,1.182809524,EUR,27.33," "
2020-08-26,1,1.182809524,EUR,28.42," "
2020-08-27,1,1.182809524,EUR,28.03," "
2020-08-28,1,1.182809524,EUR,29.5," "
2020-08-31,1,1.182809524,EUR,," "
2020-09-01,1,1.179240909,EUR,28.28," "
2020-09-02,1,1.179240909,EUR,," "
2020-09-03,1,1.179240909,EUR,," "
2020-09-04,1,1.179240909,EUR,28.8," "
2020-09-07,1,1.179240909,EUR,26.9," "
2020-09-08,1,1.179240909,EUR,27.25," "
2020-09-09,1,1.179240909,EUR,26.02," "
2020-09-10,1,1.179240909,EUR,27.46," "
2020-09-11,1,1.179240909,EUR,28.05," "
2020-09-14,1,1.179240909,EUR,28.66," "
2020-09-15,1,1.179240909,EUR,29.99," "
2020-09-16,1,1.179240909,EUR,," "
2020-09-17,1,1.179240909,EUR,29.1," "
2020-09-18,1,1.179240909,EUR,28.36," "
2020-09-21,1,1.179240909,EUR,27.12," "
2020-09-22,1,1.179240909,EUR,26.75," "
2020-09-23,1,1.179240909,EUR,27.31," "
2020-09-24,1,1.179240909,EUR,26.28," "
2020-09-25,1,1.179240909,EUR,26.2," "
2020-09-28,1,1.179240909,EUR,26.28," "
2020-09-29,1,1.179240909,EUR,27.09," "
2020-09-30,1,1.179240909,EUR,," "
2020-10-01,1,1.177518182,EUR,26.41," "
2020-10-02,1,1.177518182,EUR,26.11," "
2020-10-05,1,1.177518182,EUR,26.79," "
2020-10-06,1,1.177518182,EUR,26.68," "
2020-10-07,1,1.177518182,EUR,26.76," "
2020-10-08,1,1.177518182,EUR,26.4," "
2020-10-09,1,1.177518182,EUR,26," "
2020-10-12,1,1.177518182,EUR,25.54," "
2020-10-13,1,1.177518182,EUR,25.3," "
2020-10-14,1,1.177518182,EUR,," "
2020-10-15,1,1.177518182,EUR,25.15," "
2020-10-16,1,1.177518182,EUR,25.46," "
2020-10-19,1,1.177518182,EUR,24.85," "
2020-10-20,1,1.177518182,EUR,24.44," "
2020-10-21,1,1.177518182,EUR,23.96," "
2020-10-22,1,1.177518182,EUR,23.6," "
2020-10-23,1,1.177518182,EUR,24.92," "
2020-10-26,1,1.177518182,EUR,24.33," "
2020-10-27,1,1.177518182,EUR,23.55," "
2020-10-28,1,1.177518182,EUR,," "
2020-10-29,1,1.177518182,EUR,23.07," "
2020-10-30,1,1.177518182,EUR,23.45," "
2020-11-02,1,1.183790476,EUR,23.02," "
2020-11-03,1,1.183790476,EUR,24.4," "
2020-11-04,1,1.183790476,EUR,23.83," "
2020-11-05,1,1.183790476,EUR,25.55," "
2020-11-06,1,1.183790476,EUR,25.2," "
2020-11-09,1,1.183790476,EUR,25.41," "
2020-11-10,1,1.183790476,EUR,26.47," "
2020-11-11,1,1.183790476,EUR,," "
2020-11-12,1,1.183790476,EUR,25.9," "
2020-11-13,1,1.183790476,EUR,26.31," "
2020-11-16,1,1.183790476,EUR,26.67," "
2020-11-17,1,1.183790476,EUR,27.12," "
2020-11-18,1,1.183790476,EUR,27.42," "
2020-11-19,1,1.183790476,EUR,26.72," "
2020-11-20,1,1.183790476,EUR,26.8," "
2020-11-23,1,1.183790476,EUR,27.25," "
2020-11-24,1,1.183790476,EUR,26.97," "
2020-11-25,1,1.183790476,EUR,," "
2020-11-26,1,1.183790476,EUR,27.77," "
2020-11-27,1,1.183790476,EUR,28.23," "
2020-11-30,1,1.183790476,EUR,28.82," "
2020-12-01,1,1.216972727,EUR,29.24," "
2020-12-02,1,1.216972727,EUR,28.9," "
2020-12-03,1,1.216972727,EUR,29.1," "
2020-12-04,1,1.216972727,EUR,30," "
2020-12-07,1,1.216972727,EUR,29.49," "
2020-12-08,1,1.216972727,EUR,29.69," "
2020-12-09,1,1.216972727,EUR,," "
2020-12-10,1,1.216972727,EUR,30.04," "
2020-12-11,1,1.216972727,EUR,30.45," "
2020-12-14,1,1.216972727,EUR,30.92," "
2020-12-15,1,1.216972727,EUR,," "
2020-12-16,1,1.216972727,EUR,," "
2020-12-17,1,1.216972727,EUR,," "
2020-12-18,1,1.216972727,EUR,," "
2020-12-21,1,1.216972727,EUR,," "
2020-12-22,1,1.216972727,EUR,," "
2020-12-23,1,1.216972727,EUR,," "
2020-12-28,1,1.216972727,EUR,," "
2020-12-29,1,1.216972727,EUR,," "
2020-12-30,1,1.216972727,EUR,," "
2020-12-31,1,1.216972727,EUR,," "
2021-01-04,1,1.217085,EUR,," "
2021-01-05,1,1.217085,EUR,," "
2021-01-06,1,1.217085,EUR,," "
2021-01-07,1,1.217085,EUR,," "
2021-01-08,1,1.217085,EUR,," "
2021-01-11,1,1.217085,EUR,," "
2021-01-12,1,1.217085,EUR,," "
2021-01-13,1,1.217085,EUR,," "
2021-01-14,1,1.217085,EUR,," "
2021-01-15,1,1.217085,EUR,," "
2021-01-18,1,1.217085,EUR,," "
2021-01-19,1,1.217085,EUR,," "
2021-01-20,1,1.217085,EUR,," "
2021-01-21,1,1.217085,EUR,," "
2021-01-22,1,1.217085,EUR,," "
2021-01-25,1,1.217085,EUR,," "
2021-01-26,1,1.217085,EUR,," "
2021-01-27,1,1.217085,EUR,," "
2021-01-28,1,1.217085,EUR,," "
2021-01-29,1,1.217085,EUR,33.51," "
2021-02-01,1,1.20979,EUR,32.66," "
2021-02-02,1,1.20979,EUR,33.2," "
2021-02-03,1,1.20979,EUR,38," "
2021-02-04,1,1.20979,EUR,36.51," "
2021-02-05,1,1.20979,EUR,37.61," "
2021-02-08,1,1.20979,EUR,38.62," "
2021-02-09,1,1.20979,EUR,37.58," "
2021-02-10,1,1.20979,EUR,37.7," "
2021-02-11,1,1.20979,EUR,39.62," "
2021-02-12,1,1.20979,EUR,37.8," "
2021-02-15,1,1.20979,EUR,39.82," "
2021-02-16,1,1.20979,EUR,40.19," "
2021-02-17,1,1.20979,EUR,38.42," "
2021-02-18,1,1.20979,EUR,38.01," "
2021-02-19,1,1.20979,EUR,38.36," "
2021-02-22,1,1.20979,EUR,36.84," "
2021-02-23,1,1.20979,EUR,37.5," "
2021-02-24,1,1.20979,EUR,38.42," "
2021-02-25,1,1.20979,EUR,38.88," "
2021-02-26,1,1.20979,EUR,37.51," "
2021-03-01,1,1.189908696,EUR,37.66," "
2021-03-02,1,1.189908696,EUR,37.25," "
2021-03-03,1,1.189908696,EUR,37.56," "
2021-03-04,1,1.189908696,EUR,36.9," "
2021-03-05,1,1.189908696,EUR,38.08," "
2021-03-08,1,1.189908696,EUR,38.41," "
2021-03-09,1,1.189908696,EUR,39.4," "
2021-03-10,1,1.189908696,EUR,41," "
2021-03-11,1,1.189908696,EUR,40.92," "
2021-03-12,1,1.189908696,EUR,41.52," "
2021-03-15,1,1.189908696,EUR,42.84," "
2021-03-16,1,1.189908696,EUR,41.92," "
2021-03-17,1,1.189908696,EUR,41.9," "
2021-03-18,1,1.189908696,EUR,43.35," "
2021-03-19,1,1.189908696,EUR,41.91," "
2021-03-22,1,1.189908696,EUR,41.8," "
2021-03-23,1,1.189908696,EUR,41.77," "
2021-03-24,1,1.189908696,EUR,40.94," "
2021-03-25,1,1.189908696,EUR,40.69," "
2021-03-26,1,1.189908696,EUR,40.86," "
2021-03-29,1,1.189908696,EUR,40.71," "
2021-03-30,1,1.189908696,EUR,42.25," "
2021-03-31,1,1.189908696,EUR,42.26," "
2021-04-01,1,1.19791,EUR,42.04," "
2021-04-06,1,1.19791,EUR,43.05," "
2021-04-07,1,1.19791,EUR,43.63," "
2021-04-08,1,1.19791,EUR,43.45," "
2021-04-09,1,1.19791,EUR,43.18," "
2021-04-12,1,1.19791,EUR,43.86," "
2021-04-13,1,1.19791,EUR,44.1," "
2021-04-14,1,1.19791,EUR,43.53," "
2021-04-15,1,1.19791,EUR,43.99," "
2021-04-16,1,1.19791,EUR,44.5," "
2021-04-19,1,1.19791,EUR,44.66," "
2021-04-20,1,1.19791,EUR,44.2," "
2021-04-21,1,1.19791,EUR,44.85," "
2021-04-22,1,1.19791,EUR,46.6," "
2021-04-23,1,1.19791,EUR,46.41," "
2021-04-26,1,1.19791,EUR,47.24," "
2021-04-27,1,1.19791,EUR,46.55," "
2021-04-28,1,1.19791,EUR,48," "
2021-04-29,1,1.19791,EUR,47.25," "
2021-04-30,1,1.19791,EUR,47.68," "
2021-05-03,1,1.214590476,EUR,," "
2021-05-04,1,1.214590476,EUR,49.33," "
2021-05-05,1,1.214590476,EUR,48.62," "
2021-05-06,1,1.214590476,EUR,49.45," "
2021-05-07,1,1.214590476,EUR,49.46," "
2021-05-10,1,1.214590476,EUR,51.81," "
2021-05-11,1,1.214590476,EUR,51.59," "
2021-05-12,1,1.214590476,EUR,54.22," "
2021-05-13,1,1.214590476,EUR,," "
2021-05-14,1,1.214590476,EUR,," "
2021-05-17,1,1.214590476,EUR,55.57," "
2021-05-18,1,1.214590476,EUR,55.53," "
2021-05-19,1,1.214590476,EUR,52.12," "
2021-05-20,1,1.214590476,EUR,50.84," "
2021-05-21,1,1.214590476,EUR,52.71," "
2021-05-24,1,1.214590476,EUR,," "
2021-05-25,1,1.214590476,EUR,53.09," "
2021-05-26,1,1.214590476,EUR,54.07," "
2021-05-27,1,1.214590476,EUR,52.11," "
2021-05-28,1,1.214590476,EUR,51.08," "
2021-05-31,1,1.214590476,EUR,," "
2021-06-01,1,1.204709091,EUR,52.58," "
2021-06-02,1,1.204709091,EUR,51.5," "
2021-06-03,1,1.204709091,EUR,51.9," "
2021-06-04,1,1.204709091,EUR,49.55," "
2021-06-07,1,1.204709091,EUR,48.56," "
2021-06-08,1,1.204709091,EUR,52.03," "
2021-06-09,1,1.204709091,EUR,53.7," "
2021-06-10,1,1.204709091,EUR,53.3," "
2021-06-11,1,1.204709091,EUR,53.12," "
2021-06-14,1,1.204709091,EUR,53.6," "
2021-06-15,1,1.204709091,EUR,51.18," "
2021-06-16,1,1.204709091,EUR,50.83," "
2021-06-17,1,1.204709091,EUR,50.84," "
2021-06-18,1,1.204709091,EUR,51.51," "
2021-06-21,1,1.204709091,EUR,52.09," "
2021-06-22,1,1.204709091,EUR,52.97," "
2021-06-23,1,1.204709091,EUR,53.62," "
2021-06-24,1,1.204709091,EUR,54.85," "
2021-06-25,1,1.204709091,EUR,55.69," "
2021-06-28,1,1.204709091,EUR,55.06," "
2021-06-29,1,1.204709091,EUR,55.39," "
2021-06-30,1,1.204709091,EUR,55.57," "
2021-07-01,1,1.182181818,EUR,58.01," "
2021-07-02,1,1.182181818,EUR,57.11," "
2021-07-05,1,1.182181818,EUR,57.91," "
2021-07-06,1,1.182181818,EUR,57.15," "
2021-07-07,1,1.182181818,EUR,53.15," "
2021-07-08,1,1.182181818,EUR,51.09," "
2021-07-09,1,1.182181818,EUR,53.85," "
2021-07-12,1,1.182181818,EUR,52.5," "
2021-07-13,1,1.182181818,EUR,52.44," "
2021-07-14,1,1.182181818,EUR,52," "
2021-07-15,1,1.182181818,EUR,52.28," "
2021-07-16,1,1.182181818,EUR,53.33," "
2021-07-19,1,1.182181818,EUR,53.55," "
2021-07-20,1,1.182181818,EUR,51.74," "
2021-07-21,1,1.182181818,EUR,51.7," "
2021-07-22,1,1.182181818,EUR,51.44," "
2021-07-23,1,1.182181818,EUR,50.13," "
2021-07-26,1,1.182181818,EUR,51.79," "
2021-07-27,1,1.182181818,EUR,52.8," "
2021-07-28,1,1.182181818,EUR,53.45," "
2021-07-29,1,1.182181818,EUR,54.02," "
2021-07-30,1,1.182181818,EUR,53," "
2021-08-02,1,1.177181818,EUR,54.6," "
2021-08-03,1,1.177181818,EUR,54.17," "
2021-08-04,1,1.177181818,EUR,55," "
2021-08-05,1,1.177181818,EUR,54.84," "
2021-08-06,1,1.177181818,EUR,56.72," "
2021-08-09,1,1.177181818,EUR,56," "
2021-08-10,1,1.177181818,EUR,57.1," "
2021-08-11,1,1.177181818,EUR,56.69," "
2021-08-12,1,1.177181818,EUR,57.36," "
2021-08-13,1,1.177181818,EUR,55.6," "
2021-08-16,1,1.177181818,EUR,57.18," "
2021-08-17,1,1.177181818,EUR,57.4," "
2021-08-18,1,1.177181818,EUR,57.7," "
2021-08-19,1,1.177181818,EUR,55.81," "
2021-08-20,1,1.177181818,EUR,54.4," "
2021-08-23,1,1.177181818,EUR,55.95," "
2021-08-24,1,1.177181818,EUR,55.72," "
2021-08-25,1,1.177181818,EUR,56.63," "
2021-08-26,1,1.177181818,EUR,55.61," "
2021-08-27,1,1.177181818,EUR,57.51," "
2021-08-30,1,1.177181818,EUR,," "
2021-08-31,1,1.177181818,EUR,60.11," "
2021-09-01,1,1.177031818,EUR,61.29," "
2021-09-02,1,1.177031818,EUR,," "
2021-09-03,1,1.177031818,EUR,61.25," "
2021-09-06,1,1.177031818,EUR,62.87," "
2021-09-07,1,1.177031818,EUR,61.71," "
2021-09-08,1,1.177031818,EUR,61.93," "
2021-09-09,1,1.177031818,EUR,61.98," "
2021-09-10,1,1.177031818,EUR,61.85," "
2021-09-13,1,1.177031818,EUR,61.91," "
2021-09-14,1,1.177031818,EUR,61.51," "
2021-09-15,1,1.177031818,EUR,60," "
2021-09-16,1,1.177031818,EUR,59.89," "
2021-09-17,1,1.177031818,EUR,59.6," "
2021-09-20,1,1.177031818,EUR,58.56," "
2021-09-21,1,1.177031818,EUR,60.31," "
2021-09-22,1,1.177031818,EUR,60.02," "
2021-09-23,1,1.177031818,EUR,59.45," "
2021-09-24,1,1.177031818,EUR,61.24," "
2021-09-27,1,1.177031818,EUR,64," "
2021-09-28,1,1.177031818,EUR,65," "
2021-09-29,1,1.177031818,EUR,61.83," "
2021-09-30,1,1.177031818,EUR,61.37," "
2021-10-01,1,1.160147619,EUR,62.04," "
2021-10-04,1,1.160147619,EUR,63.56," "
2021-10-05,1,1.160147619,EUR,63.66," "
2021-10-06,1,1.160147619,EUR,61.36," "
2021-10-07,1,1.160147619,EUR,58.99," "
2021-10-08,1,1.160147619,EUR,59.92," "
2021-10-11,1,1.160147619,EUR,59.33," "
2021-10-12,1,1.160147619,EUR,58.86," "
2021-10-13,1,1.160147619,EUR,58.75," "
2021-10-14,1,1.160147619,EUR,59.43," "
2021-10-15,1,1.160147619,EUR,61.01," "
2021-10-18,1,1.160147619,EUR,58.85," "
2021-10-19,1,1.160147619,EUR,57.58," "
2021-10-20,1,1.160147619,EUR,56," "
2021-10-21,1,1.160147619,EUR,57.1," "
2021-10-22,1,1.160147619,EUR,59.5," "
2021-10-25,1,1.160147619,EUR,58.94," "
2021-10-26,1,1.160147619,EUR,58.96," "
2021-10-27,1,1.160147619,EUR,58.92," "
2021-10-28,1,1.160147619,EUR,58.93," "
2021-10-29,1,1.160147619,EUR,59.4," "
2021-11-01,1,1.141404545,EUR,59.98," "
2021-11-02,1,1.141404545,EUR,57.8," "
2021-11-03,1,1.141404545,EUR,59.78," "
2021-11-04,1,1.141404545,EUR,59.81," "
2021-11-05,1,1.141404545,EUR,61.05," "
2021-11-08,1,1.141404545,EUR,60.06," "
2021-11-09,1,1.141404545,EUR,60.11," "
2021-11-10,1,1.141404545,EUR,61.53," "
2021-11-11,1,1.141404545,EUR,62.31," "
2021-11-12,1,1.141404545,EUR,63.53," "
2021-11-15,1,1.141404545,EUR,64.4," "
2021-11-16,1,1.141404545,EUR,67.5," "
2021-11-17,1,1.141404545,EUR,67.14," "
2021-11-18,1,1.141404545,EUR,66.51," "
2021-11-19,1,1.141404545,EUR,69.21," "
2021-11-22,1,1.141404545,EUR,69.7," "
2021-11-23,1,1.141404545,EUR,69.88," "
2021-11-24,1,1.141404545,EUR,69.51," "
2021-11-25,1,1.141404545,EUR,72.15," "
2021-11-26,1,1.141404545,EUR,71.95," "
2021-11-29,1,1.141404545,EUR,74.48," "
2021-11-30,1,1.141404545,EUR,74.82," "
2021-12-01,1,1.130378261,EUR,76.38," "
2021-12-02,1,1.130378261,EUR,77.1," "
2021-12-03,1,1.130378261,EUR,78.76," "
2021-12-06,1,1.130378261,EUR,80," "
2021-12-07,1,1.130378261,EUR,82.87," "
2021-12-08,1,1.130378261,EUR,87.45," "
2021-12-09,1,1.130378261,EUR,84.93," "
2021-12-10,1,1.130378261,EUR,79.83," "
2021-12-13,1,1.130378261,EUR,85," "
2021-12-14,1,1.130378261,EUR,79.99," "
2021-12-15,1,1.130378261,EUR,79.29," "
2021-12-16,1,1.130378261,EUR,80.5," "
2021-12-17,1,1.130378261,EUR,82.25," "
2021-12-20,1,1.130378261,EUR,74.57," "
2021-12-21,1,1.130378261,EUR,," "
2021-12-22,1,1.130378261,EUR,," "
2021-12-23,1,1.130378261,EUR,," "
2021-12-27,1,1.130378261,EUR,," "
2021-12-28,1,1.130378261,EUR,," "
2021-12-29,1,1.130378261,EUR,," "
2021-12-30,1,1.130378261,EUR,," "
2021-12-31,1,1.130378261,EUR,," "
2022-01-03,1,1.131447619,EUR,," "
2022-01-04,1,1.131447619,EUR,," "
2022-01-05,1,1.131447619,EUR,," "
2022-01-06,1,1.131447619,EUR,," "
2022-01-07,1,1.131447619,EUR,," "
2022-01-10,1,1.131447619,EUR,82.71," "
2022-01-11,1,1.131447619,EUR,81.9," "
2022-01-12,1,1.131447619,EUR,," "
2022-01-13,1,1.131447619,EUR,79.05," "
2022-01-14,1,1.131447619,EUR,81.52," "
2022-01-17,1,1.131447619,EUR,80.21," "
2022-01-18,1,1.131447619,EUR,79.22," "
2022-01-19,1,1.131447619,EUR,80.7," "
2022-01-20,1,1.131447619,EUR,80.8," "
2022-01-21,1,1.131447619,EUR,84.03," "
2022-01-24,1,1.131447619,EUR,85.75," "
2022-01-25,1,1.131447619,EUR,84.48," "
2022-01-26,1,1.131447619,EUR,," "
2022-01-27,1,1.131447619,EUR,88.51," "
2022-01-28,1,1.131447619,EUR,89.25," "
2022-01-31,1,1.131447619,EUR,88.03," "
2022-02-01,1,1.13419,EUR,," "
2022-02-02,1,1.13419,EUR,91.61," "
2022-02-03,1,1.13419,EUR,92.65," "
2022-02-04,1,1.13419,EUR,94.65," "
2022-02-07,1,1.13419,EUR,93.5," "
2022-02-08,1,1.13419,EUR,97.51," "
2022-02-09,1,1.13419,EUR,96.53," "
2022-02-10,1,1.13419,EUR,90.6," "
2022-02-11,1,1.13419,EUR,89.98," "
2022-02-14,1,1.13419,EUR,90.73," "
2022-02-15,1,1.13419,EUR,90.35," "
2022-02-16,1,1.13419,EUR,88.05," "
2022-02-17,1,1.13419,EUR,87.5," "
2022-02-18,1,1.13419,EUR,87.65," "
2022-02-21,1,1.13419,EUR,87.99," "
2022-02-22,1,1.13419,EUR,88.4," "
2022-02-23,1,1.13419,EUR,92.8," "
2022-02-24,1,1.13419,EUR,88," "
2022-02-25,1,1.13419,EUR,86.9," "
2022-02-28,1,1.13419,EUR,80.92," "
2022-03-01,1,1.101895652,EUR,79.96," "
2022-03-02,1,1.101895652,EUR,," "
2022-03-03,1,1.101895652,EUR,63.87," "
2022-03-04,1,1.101895652,EUR,67.22," "
2022-03-07,1,1.101895652,EUR,57.91," "
2022-03-08,1,1.101895652,EUR,62.01," "
2022-03-09,1,1.101895652,EUR,," "
2022-03-10,1,1.101895652,EUR,70.04," "
2022-03-11,1,1.101895652,EUR,76.5," "
2022-03-14,1,1.101895652,EUR,78.6," "
2022-03-15,1,1.101895652,EUR,75.55," "
2022-03-16,1,1.101895652,EUR,75.25," "
2022-03-17,1,1.101895652,EUR,76.87," "
2022-03-18,1,1.101895652,EUR,79.21," "
2022-03-21,1,1.101895652,EUR,77.76," "
2022-03-22,1,1.101895652,EUR,79.05," "
2022-03-23,1,1.101895652,EUR,," "
2022-03-24,1,1.101895652,EUR,76.15," "
2022-03-25,1,1.101895652,EUR,78.5," "
2022-03-28,1,1.101895652,EUR,80.76," "
2022-03-29,1,1.101895652,EUR,80.51," "
2022-03-30,1,1.101895652,EUR,77.22," "
2022-03-31,1,1.101895652,EUR,79.25," "
2022-04-01,1,1.081873684,EUR,78," "
2022-04-04,1,1.081873684,EUR,77.5," "
2022-04-05,1,1.081873684,EUR,78.33," "
2022-04-06,1,1.081873684,EUR,78.34," "
2022-04-07,1,1.081873684,EUR,77.13," "
2022-04-08,1,1.081873684,EUR,80.21," "
2022-04-11,1,1.081873684,EUR,79.02," "
2022-04-12,1,1.081873684,EUR,77.36," "
2022-04-13,1,1.081873684,EUR,77.27," "
2022-04-14,1,1.081873684,EUR,78.8," "
2022-04-19,1,1.081873684,EUR,79.4," "
2022-04-20,1,1.081873684,EUR,," "
2022-04-21,1,1.081873684,EUR,85.9," "
2022-04-22,1,1.081873684,EUR,87.4," "
2022-04-25,1,1.081873684,EUR,85.81," "
2022-04-26,1,1.081873684,EUR,83.43," "
2022-04-27,1,1.081873684,EUR,79.99," "
2022-04-28,1,1.081873684,EUR,80.55," "
2022-04-29,1,1.081873684,EUR,82.86," "
2022-05-02,1,1.05785,EUR,82.84," "
2022-05-03,1,1.05785,EUR,84.25," "
2022-05-04,1,1.05785,EUR,," "
2022-05-05,1,1.05785,EUR,87.8," "
2022-05-06,1,1.05785,EUR,90.77," "
2022-05-09,1,1.05785,EUR,90.11," "
2022-05-10,1,1.05785,EUR,86.5," "
2022-05-11,1,1.05785,EUR,89," "
2022-05-12,1,1.05785,EUR,86.95," "
2022-05-13,1,1.05785,EUR,88.75," "
2022-05-16,1,1.05785,EUR,88.81," "
2022-05-17,1,1.05785,EUR,90.33," "
2022-05-18,1,1.05785,EUR,87.25," "
2022-05-19,1,1.05785,EUR,82.28," "
2022-05-20,1,1.05785,EUR,81.15," "
2022-05-23,1,1.05785,EUR,78.96," "
2022-05-24,1,1.05785,EUR,78.88," "
2022-05-25,1,1.05785,EUR,80.43," "
2022-05-26,1,1.05785,EUR,," "
2022-05-27,1,1.05785,EUR,," "
2022-05-30,1,1.05785,EUR,83.75," "
2022-05-31,1,1.05785,EUR,83.63," "
2022-06-01,1,1.056581818,EUR,," "
2022-06-02,1,1.056581818,EUR,," "
2022-06-03,1,1.056581818,EUR,," "
2022-06-06,1,1.056581818,EUR,," "
2022-06-07,1,1.056581818,EUR,81.69," "
2022-06-08,1,1.056581818,EUR,79.11," "
2022-06-09,1,1.056581818,EUR,80.21," "
2022-06-10,1,1.056581818,EUR,80.73," "
2022-06-13,1,1.056581818,EUR,80.1," "
2022-06-14,1,1.056581818,EUR,82.31," "
2022-06-15,1,1.056581818,EUR,84.45," "
2022-06-16,1,1.056581818,EUR,85.95," "
2022-06-17,1,1.056581818,EUR,83," "
2022-06-20,1,1.056581818,EUR,83.51," "
2022-06-21,1,1.056581818,EUR,84.26," "
2022-06-22,1,1.056581818,EUR,83.06," "
2022-06-23,1,1.056581818,EUR,81.07," "
2022-06-24,1,1.056581818,EUR,82.9," "
2022-06-27,1,1.056581818,EUR,83.01," "
2022-06-28,1,1.056581818,EUR,84.54," "
2022-06-29,1,1.056581818,EUR,," "
2022-06-30,1,1.056581818,EUR,88.02," "
2022-07-01,1,1.017890476,EUR,88.22," "
2022-07-04,1,1.017890476,EUR,84.34," "
2022-07-05,1,1.017890476,EUR,83.38," "
2022-07-06,1,1.017890476,EUR,82.63," "
2022-07-07,1,1.017890476,EUR,83.36," "
2022-07-08,1,1.017890476,EUR,82.63," "
2022-07-11,1,1.017890476,EUR,83.4," "
2022-07-12,1,1.017890476,EUR,83.89," "
2022-07-13,1,1.017890476,EUR,," "
2022-07-14,1,1.017890476,EUR,83," "
2022-07-15,1,1.017890476,EUR,83.71," "
2022-07-18,1,1.017890476,EUR,83.33," "
2022-07-19,1,1.017890476,EUR,83.61," "
2022-07-20,1,1.017890476,EUR,81.22," "
2022-07-21,1,1.017890476,EUR,77.6," "
2022-07-22,1,1.017890476,EUR,78.06," "
2022-07-25,1,1.017890476,EUR,76.09," "
2022-07-26,1,1.017890476,EUR,76.51," "
2022-07-27,1,1.017890476,EUR,," "
2022-07-28,1,1.017890476,EUR,77.08," "
2022-07-29,1,1.017890476,EUR,77.96," "
2022-08-01,1,1.012843478,EUR,79.5," "
2022-08-02,1,1.012843478,EUR,80.51," "
2022-08-03,1,1.012843478,EUR,83.45," "
2022-08-04,1,1.012843478,EUR,83.81," "
2022-08-05,1,1.012843478,EUR,84.5," "
2022-08-08,1,1.012843478,EUR,84.6," "
2022-08-09,1,1.012843478,EUR,84.06," "
2022-08-10,1,1.012843478,EUR,," "
2022-08-11,1,1.012843478,EUR,86.35," "
2022-08-12,1,1.012843478,EUR,87.3," "
2022-08-15,1,1.012843478,EUR,89.5," "
2022-08-16,1,1.012843478,EUR,90.64," "
2022-08-17,1,1.012843478,EUR,94.07," "
2022-08-18,1,1.012843478,EUR,94," "
2022-08-19,1,1.012843478,EUR,96.87," "
2022-08-22,1,1.012843478,EUR,97.5," "
2022-08-23,1,1.012843478,EUR,92.52," "
2022-08-24,1,1.012843478,EUR,," "
2022-08-25,1,1.012843478,EUR,89.3," "
2022-08-26,1,1.012843478,EUR,89.56," "
2022-08-29,1,1.012843478,EUR,88.81," "
2022-08-30,1,1.012843478,EUR,85.13," "
2022-08-31,1,1.012843478,EUR,78.96," "
2022-09-01,1,0.990377273,EUR,77.01," "
2022-09-02,1,0.990377273,EUR,78.41," "
2022-09-05,1,0.990377273,EUR,73.75," "
2022-09-06,1,0.990377273,EUR,71.05," "
2022-09-07,1,0.990377273,EUR,69.06," "
2022-09-08,1,0.990377273,EUR,," "
2022-09-09,1,0.990377273,EUR,65.21," "
2022-09-12,1,0.990377273,EUR,65.96," "
2022-09-13,1,0.990377273,EUR,70.48," "
2022-09-14,1,0.990377273,EUR,68.29," "
2022-09-15,1,0.990377273,EUR,70.84," "
2022-09-16,1,0.990377273,EUR,71," "
2022-09-19,1,0.990377273,EUR,71.11," "
2022-09-20,1,0.990377273,EUR,70.38," "
2022-09-21,1,0.990377273,EUR,70.39," "
2022-09-22,1,0.990377273,EUR,69.88," "
2022-09-23,1,0.990377273,EUR,67.56," "
2022-09-26,1,0.990377273,EUR,66.02," "
2022-09-27,1,0.990377273,EUR,67.7," "
2022-09-28,1,0.990377273,EUR,64.71," "
2022-09-29,1,0.990377273,EUR,64.7," "
2022-09-30,1,0.990377273,EUR,66.87," "
2022-10-03,1,0.982566667,EUR,64.45," "
2022-10-04,1,0.982566667,EUR,66.17," "
2022-10-05,1,0.982566667,EUR,," "
2022-10-06,1,0.982566667,EUR,65.76," "
2022-10-07,1,0.982566667,EUR,67.52," "
2022-10-10,1,0.982566667,EUR,67.01," "
2022-10-11,1,0.982566667,EUR,66.34," "
2022-10-12,1,0.982566667,EUR,65.76," "
2022-10-13,1,0.982566667,EUR,66.65," "
2022-10-14,1,0.982566667,EUR,67.7," "
2022-10-17,1,0.982566667,EUR,66.25," "
2022-10-18,1,0.982566667,EUR,67.11," "
2022-10-19,1,0.982566667,EUR,68.62," "
2022-10-20,1,0.982566667,EUR,67.01," "
2022-10-21,1,0.982566667,EUR,67.9," "
2022-10-24,1,0.982566667,EUR,68.02," "
2022-10-25,1,0.982566667,EUR,74.17," "
2022-10-26,1,0.982566667,EUR,76.51," "
2022-10-27,1,0.982566667,EUR,77.1," "
2022-10-28,1,0.982566667,EUR,80.76," "
2022-10-31,1,0.982566667,EUR,78.69," "
2022-11-01,1,1.020127273,EUR,78.76," "
2022-11-02,1,1.020127273,EUR,," "
2022-11-03,1,1.020127273,EUR,76.63," "
2022-11-04,1,1.020127273,EUR,78.14," "
2022-11-07,1,1.020127273,EUR,76.75," "
2022-11-08,1,1.020127273,EUR,76.02," "
2022-11-09,1,1.020127273,EUR,75.35," "
2022-11-10,1,1.020127273,EUR,71.62," "
2022-11-11,1,1.020127273,EUR,73.33," "
2022-11-14,1,1.020127273,EUR,74.85," "
2022-11-15,1,1.020127273,EUR,74.93," "
2022-11-16,1,1.020127273,EUR,74.25," "
2022-11-17,1,1.020127273,EUR,73.31," "
2022-11-18,1,1.020127273,EUR,72.22," "
2022-11-21,1,1.020127273,EUR,73.36," "
2022-11-22,1,1.020127273,EUR,73.54," "
2022-11-23,1,1.020127273,EUR,74.08," "
2022-11-24,1,1.020127273,EUR,76.64," "
2022-11-25,1,1.020127273,EUR,79.36," "
2022-11-28,1,1.020127273,EUR,77.61," "
2022-11-29,1,1.020127273,EUR,78.88," "
2022-11-30,1,1.020127273,EUR,," "
2022-12-01,1,1.058880952,EUR,86.11," "
2022-12-02,1,1.058880952,EUR,85.21," "
2022-12-05,1,1.058880952,EUR,85.69," "
2022-12-06,1,1.058880952,EUR,86.48," "
2022-12-07,1,1.058880952,EUR,87," "
2022-12-08,1,1.058880952,EUR,87.91," "
2022-12-09,1,1.058880952,EUR,88.26," "
2022-12-12,1,1.058880952,EUR,88.35," "
2022-12-13,1,1.058880952,EUR,89.01," "
2022-12-14,1,1.058880952,EUR,," "
2022-12-15,1,1.058880952,EUR,86.16," "
2022-12-16,1,1.058880952,EUR,83.41," "
2022-12-19,1,1.058880952,EUR,84.1," "
2022-12-20,1,1.058880952,EUR,," "
2022-12-21,1,1.058880952,EUR,," "
2022-12-22,1,1.058880952,EUR,," "
2022-12-23,1,1.058880952,EUR,," "
2022-12-27,1,1.058880952,EUR,," "
2022-12-28,1,1.058880952,EUR,," "
2022-12-29,1,1.058880952,EUR,," "
2022-12-30,1,1.058880952,EUR,," "
2023-01-02,1,1.0769,EUR,," "
2023-01-03,1,1.0769,EUR,," "
2023-01-04,1,1.0769,EUR,," "
2023-01-05,1,1.0769,EUR,," "
2023-01-06,1,1.0769,EUR,," "
2023-01-09,1,1.0769,EUR,75.27," "
2023-01-10,1,1.0769,EUR,78.61," "
2023-01-11,1,1.0769,EUR,," "
2023-01-12,1,1.0769,EUR,76.8," "
2023-01-13,1,1.0769,EUR,76.42," "
2023-01-16,1,1.0769,EUR,75.05," "
2023-01-17,1,1.0769,EUR,75.04," "
2023-01-18,1,1.0769,EUR,76.25," "
2023-01-19,1,1.0769,EUR,82.06," "
2023-01-20,1,1.0769,EUR,81.01," "
2023-01-23,1,1.0769,EUR,81.52," "
2023-01-24,1,1.0769,EUR,80.88," "
2023-01-25,1,1.0769,EUR,78.29," "
2023-01-26,1,1.0769,EUR,83.51," "
2023-01-27,1,1.0769,EUR,86.71," "
2023-01-30,1,1.0769,EUR,85.2," "
2023-01-31,1,1.0769,EUR,86.68," "
2023-02-01,1,1.07151,EUR,91.91," "
2023-02-02,1,1.07151,EUR,93.5," "
2023-02-03,1,1.07151,EUR,91.15," "
2023-02-06,1,1.07151,EUR,91.78," "
2023-02-07,1,1.07151,EUR,87.52," "
2023-02-08,1,1.07151,EUR,," "
2023-02-09,1,1.07151,EUR,87.36," "
2023-02-10,1,1.07151,EUR,89.7," "
2023-02-13,1,1.07151,EUR,88.86," "
2023-02-14,1,1.07151,EUR,89.96," "
2023-02-15,1,1.07151,EUR,87.75," "
2023-02-16,1,1.07151,EUR,92.85," "
2023-02-17,1,1.07151,EUR,93.69," "
2023-02-20,1,1.07151,EUR,93.73," "
2023-02-21,1,1.07151,EUR,95.35," "
2023-02-22,1,1.07151,EUR,," "
2023-02-23,1,1.07151,EUR,93.26," "
2023-02-24,1,1.07151,EUR,95.83," "
2023-02-27,1,1.07151,EUR,95.12," "
2023-02-28,1,1.07151,EUR,96.33," "
2023-03-01,1,1.070582609,EUR,95.89," "
2023-03-02,1,1.070582609,EUR,93.25," "
2023-03-03,1,1.070582609,EUR,88.81," "
2023-03-06,1,1.070582609,EUR,91.01," "
2023-03-07,1,1.070582609,EUR,91.56," "
2023-03-08,1,1.070582609,EUR,," "
2023-03-09,1,1.070582609,EUR,95.43," "
2023-03-10,1,1.070582609,EUR,95.16," "
2023-03-13,1,1.070582609,EUR,94.36," "
2023-03-14,1,1.070582609,EUR,92.34," "
2023-03-15,1,1.070582609,EUR,90.31," "
2023-03-16,1,1.070582609,EUR,83.25," "
2023-03-17,1,1.070582609,EUR,86.5," "
2023-03-20,1,1.070582609,EUR,82.46," "
2023-03-21,1,1.070582609,EUR,87.14," "
2023-03-22,1,1.070582609,EUR,86.14," "
2023-03-23,1,1.070582609,EUR,88.27," "
2023-03-24,1,1.070582609,EUR,88.09," "
2023-03-27,1,1.070582609,EUR,85.18," "
2023-03-28,1,1.070582609,EUR,86.54," "
2023-03-29,1,1.070582609,EUR,87.16," "
2023-03-30,1,1.070582609,EUR,87.42," "
2023-03-31,1,1.070582609,EUR,88.61," "
2023-04-03,1,1.096772222,EUR,89.82," "
2023-04-04,1,1.096772222,EUR,94.12," "
2023-04-05,1,1.096772222,EUR,," "
2023-04-06,1,1.096772222,EUR,94.3," "
2023-04-11,1,1.096772222,EUR,95.52," "
2023-04-12,1,1.096772222,EUR,93.9," "
2023-04-13,1,1.096772222,EUR,90.51," "
2023-04-14,1,1.096772222,EUR,92.3," "
2023-04-17,1,1.096772222,EUR,90.55," "
2023-04-18,1,1.096772222,EUR,90.55," "
2023-04-19,1,1.096772222,EUR,," "
2023-04-20,1,1.096772222,EUR,90.68," "
2023-04-21,1,1.096772222,EUR,88.6," "
2023-04-24,1,1.096772222,EUR,85.7," "
2023-04-25,1,1.096772222,EUR,84.73," "
2023-04-26,1,1.096772222,EUR,83.31," "
2023-04-27,1,1.096772222,EUR,85," "
2023-04-28,1,1.096772222,EUR,84," "
2023-05-02,1,1.08675,EUR,83.24," "
2023-05-03,1,1.08675,EUR,," "
2023-05-04,1,1.08675,EUR,82.23," "
2023-05-05,1,1.08675,EUR,84.38," "
2023-05-08,1,1.08675,EUR,82.99," "
2023-05-09,1,1.08675,EUR,83.84," "
2023-05-10,1,1.08675,EUR,85.85," "
2023-05-11,1,1.08675,EUR,86.75," "
2023-05-12,1,1.08675,EUR,86.67," "
2023-05-15,1,1.08675,EUR,85.7," "
2023-05-16,1,1.08675,EUR,85.05," "
2023-05-17,1,1.08675,EUR,85.58," "
2023-05-18,1,1.08675,EUR,," "
2023-05-19,1,1.08675,EUR,," "
2023-05-22,1,1.08675,EUR,85.2," "
2023-05-23,1,1.08675,EUR,84.32," "
2023-05-24,1,1.08675,EUR,83," "
2023-05-25,1,1.08675,EUR,81.12," "
2023-05-26,1,1.08675,EUR,81.11," "
2023-05-29,1,1.08675,EUR,," "
2023-05-30,1,1.08675,EUR,79.79," "
2023-05-31,1,1.08675,EUR,," "
2023-06-01,1,1.083986364,EUR,78.62," "
2023-06-02,1,1.083986364,EUR,78.2," "
2023-06-05,1,1.083986364,EUR,78.55," "
2023-06-06,1,1.083986364,EUR,80.07," "
2023-06-07,1,1.083986364,EUR,78.25," "
2023-06-08,1,1.083986364,EUR,81.54," "
2023-06-09,1,1.083986364,EUR,83.11," "
2023-06-12,1,1.083986364,EUR,83.45," "
2023-06-13,1,1.083986364,EUR,86.44," "
2023-06-14,1,1.083986364,EUR,," "
2023-06-15,1,1.083986364,EUR,91.67," "
2023-06-16,1,1.083986364,EUR,89.3," "
2023-06-19,1,1.083986364,EUR,90.16," "
2023-06-20,1,1.083986364,EUR,91.55," "
2023-06-21,1,1.083986364,EUR,90.35," "
2023-06-22,1,1.083986364,EUR,87.11," "
2023-06-23,1,1.083986364,EUR,88.9," "
2023-06-26,1,1.083986364,EUR,86.01," "
2023-06-27,1,1.083986364,EUR,85.35," "
2023-06-28,1,1.083986364,EUR,," "
2023-06-29,1,1.083986364,EUR,86.6," "
2023-06-30,1,1.083986364,EUR,85.31," "
2023-07-03,1,1.105814286,EUR,87.11," "
2023-07-04,1,1.105814286,EUR,85," "
2023-07-05,1,1.105814286,EUR,84.84," "
2023-07-06,1,1.105814286,EUR,84.18," "
2023-07-07,1,1.105814286,EUR,84.82," "
2023-07-10,1,1.105814286,EUR,85," "
2023-07-11,1,1.105814286,EUR,83.62," "
2023-07-12,1,1.105814286,EUR,85.32," "
2023-07-13,1,1.105814286,EUR,84.25," "
2023-07-14,1,1.105814286,EUR,85.51," "
2023-07-17,1,1.105814286,EUR,84.72," "
2023-07-18,1,1.105814286,EUR,84.9," "
2023-07-19,1,1.105814286,EUR,86.03," "
2023-07-20,1,1.105814286,EUR,87.76," "
2023-07-21,1,1.105814286,EUR,89.36," "
2023-07-24,1,1.105814286,EUR,90.3," "
2023-07-25,1,1.105814286,EUR,90.25," "
2023-07-26,1,1.105814286,EUR,," "
2023-07-27,1,1.105814286,EUR,88.02," "
2023-07-28,1,1.105814286,EUR,87.33," "
2023-07-31,1,1.105814286,EUR,86.65," "
2023-08-01,1,1.090886957,EUR,84.69," "
2023-08-02,1,1.090886957,EUR,81.88," "
2023-08-03,1,1.090886957,EUR,83.52," "
2023-08-04,1,1.090886957,EUR,83.33," "
2023-08-07,1,1.090886957,EUR,82.28," "
2023-08-08,1,1.090886957,EUR,81.46," "
2023-08-09,1,1.090886957,EUR,," "
2023-08-10,1,1.090886957,EUR,82.24," "
2023-08-11,1,1.090886957,EUR,84.2," "
2023-08-14,1,1.090886957,EUR,85.34," "
2023-08-15,1,1.090886957,EUR,86.71," "
2023-08-16,1,1.090886957,EUR,87.01," "
2023-08-17,1,1.090886957,EUR,86.84," "
2023-08-18,1,1.090886957,EUR,86.68," "
2023-08-21,1,1.090886957,EUR,86," "
2023-08-22,1,1.090886957,EUR,87.86," "
2023-08-23,1,1.090886957,EUR,," "
2023-08-24,1,1.090886957,EUR,85.51," "
2023-08-25,1,1.090886957,EUR,85.5," "
2023-08-28,1,1.090886957,EUR,84.7," "
2023-08-29,1,1.090886957,EUR,84.64," "
2023-08-30,1,1.090886957,EUR,84.57," "
2023-08-31,1,1.090886957,EUR,85.52," "
2023-09-01,1,1.068380952,EUR,84," "
2023-09-04,1,1.068380952,EUR,83.42," "
2023-09-05,1,1.068380952,EUR,83.41," "
2023-09-06,1,1.068380952,EUR,," "
2023-09-07,1,1.068380952,EUR,," "
2023-09-08,1,1.068380952,EUR,82.09," "
2023-09-11,1,1.068380952,EUR,80.98," "
2023-09-12,1,1.068380952,EUR,80.6," "
2023-09-13,1,1.068380952,EUR,80.5," "
2023-09-14,1,1.068380952,EUR,81.69," "
2023-09-15,1,1.068380952,EUR,82.33," "
2023-09-18,1,1.068380952,EUR,80.26," "
2023-09-19,1,1.068380952,EUR,79.5," "
2023-09-20,1,1.068380952,EUR,79.8," "
2023-09-21,1,1.068380952,EUR,81.78," "
2023-09-22,1,1.068380952,EUR,84.03," "
2023-09-25,1,1.068380952,EUR,83.92," "
2023-09-26,1,1.068380952,EUR,82.44," "
2023-09-27,1,1.068380952,EUR,81.37," "
2023-09-28,1,1.068380952,EUR,81.9," "
2023-09-29,1,1.068380952,EUR,81.65," "
2023-10-02,1,1.056254545,EUR,80.95," "
2023-10-03,1,1.056254545,EUR,79.17," "
2023-10-04,1,1.056254545,EUR,78.78," "
2023-10-05,1,1.056254545,EUR,80.5," "
2023-10-06,1,1.056254545,EUR,79.95," "
2023-10-09,1,1.056254545,EUR,80.43," "
2023-10-10,1,1.056254545,EUR,81.82," "
2023-10-11,1,1.056254545,EUR,82.68," "
2023-10-12,1,1.056254545,EUR,83.35," "
2023-10-13,1,1.056254545,EUR,84.61," "
2023-10-16,1,1.056254545,EUR,83.4," "
2023-10-17,1,1.056254545,EUR,81.69," "
2023-10-18,1,1.056254545,EUR,81.72," "
2023-10-19,1,1.056254545,EUR,79.99," "
2023-10-20,1,1.056254545,EUR,81.19," "
2023-10-23,1,1.056254545,EUR,79.92," "
2023-10-24,1,1.056254545,EUR,80.4," "
2023-10-25,1,1.056254545,EUR,79.85," "
2023-10-26,1,1.056254545,EUR,79.48," "
2023-10-27,1,1.056254545,EUR,79.41," "
2023-10-30,1,1.056254545,EUR,79.78," "
2023-10-31,1,1.056254545,EUR,77.65," "
2023-11-01,1,1.080822727,EUR,," "
2023-11-02,1,1.080822727,EUR,77.88," "
2023-11-03,1,1.080822727,EUR,78.35," "
2023-11-06,1,1.080822727,EUR,76.02," "
2023-11-07,1,1.080822727,EUR,75.58," "
2023-11-08,1,1.080822727,EUR,74.56," "
2023-11-09,1,1.080822727,EUR,75.75," "
2023-11-10,1,1.080822727,EUR,76.46," "
2023-11-13,1,1.080822727,EUR,77.01," "
2023-11-14,1,1.080822727,EUR,76.62," "
2023-11-15,1,1.080822727,EUR,79.45," "
2023-11-16,1,1.080822727,EUR,79," "
2023-11-17,1,1.080822727,EUR,76.55," "
2023-11-20,1,1.080822727,EUR,76.35," "
2023-11-21,1,1.080822727,EUR,75.69," "
2023-11-22,1,1.080822727,EUR,74.84," "
2023-11-23,1,1.080822727,EUR,74.5," "
2023-11-24,1,1.080822727,EUR,75.9," "
2023-11-27,1,1.080822727,EUR,74.57," "
2023-11-28,1,1.080822727,EUR,71.71," "
2023-11-29,1,1.080822727,EUR,," "
2023-11-30,1,1.080822727,EUR,70.79," "
2023-12-01,1,1.090305263,EUR,71.45," "
2023-12-04,1,1.090305263,EUR,71.34," "
2023-12-05,1,1.090305263,EUR,69.94," "
2023-12-06,1,1.090305263,EUR,68.71," "
2023-12-07,1,1.090305263,EUR,68.76," "
2023-12-08,1,1.090305263,EUR,69.84," "
2023-12-11,1,1.090305263,EUR,67.82," "
2023-12-12,1,1.090305263,EUR,66.72," "
2023-12-13,1,1.090305263,EUR,69.7," "
2023-12-14,1,1.090305263,EUR,68.45," "
2023-12-15,1,1.090305263,EUR,66.6," "
2023-12-18,1,1.090305263,EUR,66.49," "
2023-12-19,1,1.090305263,EUR,," "
2023-12-20,1,1.090305263,EUR,," "
2023-12-21,1,1.090305263,EUR,," "
2023-12-22,1,1.090305263,EUR,," "
2023-12-27,1,1.090305263,EUR,," "
2023-12-28,1,1.090305263,EUR,," "
2023-12-29,1,1.090305263,EUR,," "
2024-01-02,1,1.090513636,EUR,," "
2024-01-03,1,1.090513636,EUR,," "
2024-01-04,1,1.090513636,EUR,," "
2024-01-05,1,1.090513636,EUR,," "
2024-01-08,1,1.090513636,EUR,," "
2024-01-09,1,1.090513636,EUR,," "
2024-01-10,1,1.090513636,EUR,," "
2024-01-11,1,1.090513636,EUR,," "
2024-01-12,1,1.090513636,EUR,," "
2024-01-15,1,1.090513636,EUR,63.5," "
2024-01-16,1,1.090513636,EUR,63.2," "
2024-01-17,1,1.090513636,EUR,62.96," "
2024-01-18,1,1.090513636,EUR,61.28," "
2024-01-19,1,1.090513636,EUR,61.93," "
2024-01-22,1,1.090513636,EUR,59.74," "
2024-01-23,1,1.090513636,EUR,60.55," "
2024-01-24,1,1.090513636,EUR,62," "
2024-01-25,1,1.090513636,EUR,61.95," "
2024-01-26,1,1.090513636,EUR,61.95," "
2024-01-29,1,1.090513636,EUR,60.81," "
2024-01-30,1,1.090513636,EUR,59.82," "
2024-01-31,1,1.090513636,EUR,62.27," "
2024-02-01,1,1.079471429,EUR,61.09," "
2024-02-02,1,1.079471429,EUR,60.92," "
2024-02-05,1,1.079471429,EUR,60.68," "
2024-02-06,1,1.079471429,EUR,60.25," "
2024-02-07,1,1.079471429,EUR,," "
2024-02-08,1,1.079471429,EUR,59.85," "
2024-02-09,1,1.079471429,EUR,57.24," "
2024-02-12,1,1.079471429,EUR,55.84," "
2024-02-13,1,1.079471429,EUR,54.24," "
2024-02-14,1,1.079471429,EUR,54.07," "
2024-02-15,1,1.079471429,EUR,54.87," "
2024-02-16,1,1.079471429,EUR,55.12," "
2024-02-19,1,1.079471429,EUR,53," "
2024-02-20,1,1.079471429,EUR,51.8," "
2024-02-21,1,1.079471429,EUR,," "
2024-02-22,1,1.079471429,EUR,51.55," "
2024-02-23,1,1.079471429,EUR,49.5," "
2024-02-26,1,1.079471429,EUR,50.65," "
2024-02-27,1,1.079471429,EUR,51.12," "
2024-02-28,1,1.079471429,EUR,54.94," "
2024-02-29,1,1.079471429,EUR,54.9," "
2024-03-01,1,1.08722,EUR,53.6," "
2024-03-04,1,1.08722,EUR,51.76," "
2024-03-05,1,1.08722,EUR,59.14," "
2024-03-06,1,1.08722,EUR,," "
2024-03-07,1,1.08722,EUR,56.94," "
2024-03-08,1,1.08722,EUR,57.1," "
2024-03-11,1,1.08722,EUR,54.43," "
2024-03-12,1,1.08722,EUR,54.21," "
2024-03-13,1,1.08722,EUR,54.92," "
2024-03-14,1,1.08722,EUR,54.25," "
2024-03-15,1,1.08722,EUR,57.75," "
2024-03-18,1,1.08722,EUR,59.42," "
2024-03-19,1,1.08722,EUR,59," "
2024-03-20,1,1.08722,EUR,57.9," "
2024-03-21,1,1.08722,EUR,58," "
2024-03-22,1,1.08722,EUR,57.93," "
2024-03-25,1,1.08722,EUR,62.09," "
2024-03-26,1,1.08722,EUR,63.25," "
2024-03-27,1,1.08722,EUR,60.56," "
2024-03-28,1,1.08722,EUR,59.86," "
2024-04-02,1,1.07277619,EUR,57.07," "
2024-04-03,1,1.07277619,EUR,," "
2024-04-04,1,1.07277619,EUR,56.37," "
2024-04-05,1,1.07277619,EUR,57.17," "
2024-04-08,1,1.07277619,EUR,58.41," "
2024-04-09,1,1.07277619,EUR,61.3," "
2024-04-10,1,1.07277619,EUR,63," "
2024-04-11,1,1.07277619,EUR,63.42," "
2024-04-12,1,1.07277619,EUR,68.01," "
2024-04-15,1,1.07277619,EUR,68.17," "
2024-04-16,1,1.07277619,EUR,70.61," "
2024-04-17,1,1.07277619,EUR,," "
2024-04-18,1,1.07277619,EUR,67.15," "
2024-04-19,1,1.07277619,EUR,67.77," "
2024-04-22,1,1.07277619,EUR,65.1," "
2024-04-23,1,1.07277619,EUR,64.28," "
2024-04-24,1,1.07277619,EUR,65.35," "
2024-04-25,1,1.07277619,EUR,65.08," "
2024-04-26,1,1.07277619,EUR,65.66," "
2024-04-29,1,1.07277619,EUR,63.52," "
2024-04-30,1,1.07277619,EUR,65.26," "
2024-05-02,1,1.081222727,EUR,68.1," "
2024-05-03,1,1.081222727,EUR,71.18," "
2024-05-06,1,1.081222727,EUR,70.3," "
2024-05-07,1,1.081222727,EUR,69.16," "
2024-05-08,1,1.081222727,EUR,68.99," "
2024-05-09,1,1.081222727,EUR,," "
2024-05-10,1,1.081222727,EUR,," "
2024-05-13,1,1.081222727,EUR,68.48," "
2024-05-14,1,1.081222727,EUR,67.67," "
2024-05-15,1,1.081222727,EUR,69.35," "
2024-05-16,1,1.081222727,EUR,68.26," "
2024-05-17,1,1.081222727,EUR,69.46," "
2024-05-20,1,1.081222727,EUR,71.24," "
2024-05-21,1,1.081222727,EUR,71.8," "
2024-05-22,1,1.081222727,EUR,74.31," "
2024-05-23,1,1.081222727,EUR,74.9," "
2024-05-24,1,1.081222727,EUR,72.8," "
2024-05-27,1,1.081222727,EUR,," "
2024-05-28,1,1.081222727,EUR,72.9," "
2024-05-29,1,1.081222727,EUR,," "
2024-05-30,1,1.081222727,EUR,72," "
2024-05-31,1,1.081222727,EUR,74.49," "
2024-06-03,1,1.0759,EUR,75.35," "
2024-06-04,1,1.0759,EUR,71.5," "
2024-06-05,1,1.0759,EUR,70.3," "
2024-06-06,1,1.0759,EUR,71," "
2024-06-07,1,1.0759,EUR,69.9," "
2024-06-10,1,1.0759,EUR,67.82," "
2024-06-11,1,1.0759,EUR,70.31," "
2024-06-12,1,1.0759,EUR,," "
2024-06-13,1,1.0759,EUR,69.77," "
2024-06-14,1,1.0759,EUR,68.41," "
2024-06-17,1,1.0759,EUR,66.66," "
2024-06-18,1,1.0759,EUR,66.97," "
2024-06-19,1,1.0759,EUR,67.75," "
2024-06-20,1,1.0759,EUR,68.61," "
2024-06-21,1,1.0759,EUR,67.36," "
2024-06-24,1,1.0759,EUR,66.06," "
2024-06-25,1,1.0759,EUR,65.94," "
2024-06-26,1,1.0759,EUR,," "
2024-06-27,1,1.0759,EUR,66.17," "
2024-06-28,1,1.0759,EUR,65.01," "
2024-07-01,1,1.0759,EUR,67.83," "
2024-07-02,1,1.0759,EUR,66.71," "
2024-07-03,1,1.0759,EUR,68.84," "
2024-07-04,1,1.0759,EUR,68.71," "
2024-07-05,1,1.0759,EUR,68.68," "
2024-07-08,1,1.0759,EUR,70," "
2024-07-09,1,1.0759,EUR,66.87," "
2024-07-10,1,1.0759,EUR,67.42," "
2024-07-11,1,1.0759,EUR,66.72," "
2024-07-12,1,1.0759,EUR,67.06," "
2024-07-15,1,1.0759,EUR,66.63," "
2024-07-16,1,1.0759,EUR,66.16," "
2024-07-17,1,1.0759,EUR,66.66," "
2024-07-18,1,1.0759,EUR,64.96," "
2024-07-19,1,1.0759,EUR,64.73," "
2024-07-22,1,1.0759,EUR,64.37," "
2024-07-23,1,1.0759,EUR,63.67," "
2024-07-24,1,1.0759,EUR,66.71," "
2024-07-25,1,1.0759,EUR,66.33," "
2024-07-26,1,1.0759,EUR,67.17," "
2024-07-29,1,1.0759,EUR,66.55," "
2024-07-30,1,1.0759,EUR,67.85," "
2024-07-31,1,1.0759,EUR,68.07," "
2024-08-01,1,1.0759,EUR,69.76," "
2024-08-02,1,1.0759,EUR,67.02," "
2024-08-05,1,1.0759,EUR,68.65," "
2024-08-06,1,1.0759,EUR,," "
2024-08-07,1,1.0759,EUR,," "
2024-08-08,1,1.0759,EUR,68.9," "
2024-08-09,1,1.0759,EUR,70.46," "
2024-08-12,1,1.0759,EUR,71.15," "
2024-08-13,1,1.0759,EUR,70.82," "
2024-08-14,1,1.0759,EUR,70.59," "
2024-08-15,1,1.0759,EUR,69.85," "
2024-08-16,1,1.0759,EUR,71," "
2024-08-19,1,1.0759,EUR,71.5," "
2024-08-20,1,1.0759,EUR,72.4," "
2024-08-21,1,1.0759,EUR,," "
2024-08-22,1,1.0759,EUR,71.02," "
2024-08-23,1,1.0759,EUR,70.73," "
2024-08-26,1,1.0759,EUR,69.28," "
2024-08-27,1,1.0759,EUR,70.17," "
2024-08-28,1,1.0759,EUR,70.39," "
2024-08-29,1,1.0759,EUR,69.5," "
2024-08-30,1,1.0759,EUR,70.07," "
2024-09-02,1,1.0759,EUR,69.3," "
2024-09-03,1,1.0759,EUR,68.56," "
2024-09-04,1,1.0759,EUR,," "
2024-09-05,1,1.0759,EUR,65.99," "
2024-09-06,1,1.0759,EUR,67," "
2024-09-09,1,1.0759,EUR,65.75," "
2024-09-10,1,1.0759,EUR,65.83," "
2024-09-11,1,1.0759,EUR,64.75," "
2024-09-12,1,1.0759,EUR,65.1," "
2024-09-13,1,1.0759,EUR,64.89," "
2024-09-16,1,1.0759,EUR,64.94," "
2024-09-17,1,1.0759,EUR,62.71," "
2024-09-18,1,1.0759,EUR,62.8," "
2024-09-19,1,1.0759,EUR,63.56," "
2024-09-20,1,1.0759,EUR,63.18," "
2024-09-23,1,1.0759,EUR,64," "
2024-09-24,1,1.0759,EUR,63.91," "
2024-09-25,1,1.0759,EUR,63.55," "
2024-09-26,1,1.0759,EUR,63.88," "
2024-09-27,1,1.0759,EUR,65.45," "
2024-09-30,1,1.0759,EUR,65.69," "
2024-10-01,1,1.0759,EUR,63.19," "
2024-10-02,1,1.0759,EUR,62.89," "
2024-10-03,1,1.0759,EUR,62.02," "
2024-10-04,1,1.0759,EUR,61.03," "
2024-10-07,1,1.0759,EUR,60.15," "
2024-10-08,1,1.0759,EUR,59.85," "
2024-10-09,1,1.0759,EUR,61.18," "
2024-10-10,1,1.0759,EUR,63.3," "
2024-10-11,1,1.0759,EUR,63.71," "
2024-10-14,1,1.0759,EUR,65," "
2024-10-15,1,1.0759,EUR,64.08," "
2024-10-16,1,1.0759,EUR,64.14," "
2024-10-17,1,1.0759,EUR,63.1," "
2024-10-18,1,1.0759,EUR,61.9," "
2024-10-21,1,1.0759,EUR,62.3," "
2024-10-22,1,1.0759,EUR,61.22," "
2024-10-23,1,1.0759,EUR,63.75," "
2024-10-24,1,1.0759,EUR,64.6," "
2024-10-25,1,1.0759,EUR,66.32," "
2024-10-28,1,1.0759,EUR,64.38," "
2024-10-29,1,1.0759,EUR,66.42," "
2024-10-30,1,1.0759,EUR,," "
2024-10-31,1,1.0759,EUR,64.78," "
2024-11-01,1,1.0759,EUR,64.46," "
2024-11-04,1,1.0759,EUR,64.68," "
2024-11-05,1,1.0759,EUR,65.06," "
2024-11-06,1,1.0759,EUR,62.94," "
2024-11-07,1,1.0759,EUR,65.35," "
2024-11-08,1,1.0759,EUR,66.2," "
2024-11-11,1,1.0759,EUR,67.6," "
2024-11-12,1,1.0759,EUR,65.92," "
2024-11-13,1,1.0759,EUR,65.86," "
2024-11-14,1,1.0759,EUR,67.15," "
2024-11-15,1,1.0759,EUR,66.78," "
2024-11-18,1,1.0759,EUR,67.7," "
2024-11-19,1,1.0759,EUR,69.05," "
2024-11-20,1,1.0759,EUR,68.02," "
2024-11-21,1,1.0759,EUR,68.79," "
2024-11-22,1,1.0759,EUR,69.71," "
2024-11-25,1,1.0759,EUR,69.32," "
2024-11-26,1,1.0759,EUR,69.37," "
2024-11-27,1,1.0759,EUR,," "
2024-11-28,1,1.0759,EUR,67.91," "
2024-11-29,1,1.0759,EUR,67.3," "
2024-12-02,1,1.0759,EUR,69.4," "
2024-12-03,1,1.0759,EUR,68.12," "
2024-12-04,1,1.0759,EUR,67.42," "
2024-12-05,1,1.0759,EUR,67.62," "
2024-12-06,1,1.0759,EUR,67.25," "
2024-12-09,1,1.0759,EUR,67.7," "
2024-12-10,1,1.0759,EUR,67," "
2024-12-11,1,1.0759,EUR,69.17," "
2024-12-12,1,1.0759,EUR,67.95," "
2024-12-13,1,1.0759,EUR,66.07," "
2024-12-16,1,1.0759,EUR,63.64," "
2024-12-17,1,1.0759,EUR,," "
2024-12-18,1,1.0759,EUR,," "
2024-12-19,1,1.0759,EUR,," "
2024-12-20,1,1.0759,EUR,," "
2024-12-23,1,1.0759,EUR,," "
2024-12-24,1,1.0759,EUR,," "
2024-12-27,1,1.0759,EUR,," "
2024-12-30,1,1.0759,EUR,," "
2024-12-31,1,1.0759,EUR,," "
